Workbook

Sheet Свод
A1: Свод: оборудование главной подстанции 220 кВ (титулы 3120, 3121, 3123, 3128) по РД — заводские номера и АоРПИ
A2: РД: SMB-46/PTO/6. Electric/1.Последние чертежи/3120 (последняя ревизия каждого СО). Из спецификаций взят только раздел «Оборудование». Дата свода: 28.09.2026.
A3: Открыть папку РД 3120
A5: Лист | B5: Титул | C5: Раздел | D5: Шифр СО / ревизия | E5: Позиций оборудования | F5: Кол-во по СО, шт | G5: Найдено зав. №, шт | H5: Позиций без зав. № | I5: ОК: зав. № + АоРПИ подписан | J5: Зав. № есть, АоРПИ не подписан | K5: Зав. № есть, АоРПИ нет | L5: Позиций без АоРПИ (-) | M5: Главное
A6: 3120 ЭС1 | B6: 3120 | C6: ЭС1 | D6: E19006-CXPP-3120-ЭС1.СО-001 (03-90-1200-44-ЭС.СО-001) / 4А (Спецификация материалов/.doc) | E6: =COUNTA('3120 ЭС1'!B6:B15) | F6: =SUM('3120 ЭС1'!E6:E15) | G6: =SUM('3120 ЭС1'!G6:G15) | H6: =COUNTIF('3120 ЭС1'!L6:L15,"Нет*") | I6: =COUNTIF('3120 ЭС1'!L6:L15,"ОК*") | J6: =COUNTIF('3120 ЭС1'!L6:L15,"*не подписан") | K6: =COUNTIF('3120 ЭС1'!L6:L15,"Зав. № есть, АоРПИ нет") | L6: =COUNTIF('3120 ЭС1'!J6:J15,"-") | M6: КРУЭ 220 кВ: зав. № SGF24012NSD01–04 только в отклонённом RFI 1440, АоРПИ нет; присланные 22.09.2026 документы (TP-0007) — только на ОПН. ТРДН — ОК (477/478). ОПН — 12 зав. № подтверждены паспортами TP-0007 1B, АоРПИ 1248 не подписан и без номеров. ШМУ, токопроводы, ШУ-Д — номеров нет.
A7: 3120 ЭС2 | B7: 3120 | C7: ЭС2 | D7: E19006-CXPP-3120-ЭС2.СО-001 / 4А (.xlsx) | E7: =COUNTA('3120 ЭС2'!B6:B32) | F7: =SUM('3120 ЭС2'!E6:E32) | G7: =SUM('3120 ЭС2'!G6:G32) | H7: =COUNTIF('3120 ЭС2'!L6:L32,"Нет*") | I7: =COUNTIF('3120 ЭС2'!L6:L32,"ОК*") | J7: =COUNTIF('3120 ЭС2'!L6:L32,"*не подписан") | K7: =COUNTIF('3120 ЭС2'!L6:L32,"Зав. № есть, АоРПИ нет") | L7: =COUNTIF('3120 ЭС2'!J6:J32,"-") | M7: КРУ-10 кВ (22 ячейки) и шинные мосты — ОК (АоРПИ 720). ДГР 975/976 — АоРПИ 651 подписан. Разъединители 5, 6 и фильтры (по TQ — трансформаторы ТМГ21-630/10, зав. № 2152742, 2152756) — в АоРПИ 651.
A8: 3120 ЭС3 | B8: 3120 | C8: ЭС3 | D8: E19006-CXPP-3120-ЭС3.СО-001 / 4В (папка «Последняя версия 2026-4-4», .xlsx) | E8: =COUNTA('3120 ЭС3'!B6:B31) | F8: =SUM('3120 ЭС3'!E6:E31) | G8: =SUM('3120 ЭС3'!G6:G31) | H8: =COUNTIF('3120 ЭС3'!L6:L31,"Нет*") | I8: =COUNTIF('3120 ЭС3'!L6:L31,"ОК*") | J8: =COUNTIF('3120 ЭС3'!L6:L31,"*не подписан") | K8: =COUNTIF('3120 ЭС3'!L6:L31,"Зав. № есть, АоРПИ нет") | L8: =COUNTIF('3120 ЭС3'!J6:J31,"-") | M8: ТСН 5842/5843 и ЩСН 297-25 — ОК. ЩПТ 25002/25003 — АоРПИ 816 не подписан и с ошибкой в номере. АКБ, стеллажи, кран, ЯВЗШ, сборки DC, ППУ — номеров нет .
A9: 3120 ЭС4 | B9: 3120 | C9: ЭС4 | D9: E19006-CXPP-3120-ЭС4.СО-001 / 4А (.docm) — проверено 28.09.2026: СО ЭС4 новее 4А в папке РД нет | E9: =COUNTA('3120 ЭС4'!B6:B24) | F9: =SUM('3120 ЭС4'!E6:E24) | G9: =SUM('3120 ЭС4'!G6:G24) | H9: =COUNTIF('3120 ЭС4'!L6:L24,"Нет*") | I9: =COUNTIF('3120 ЭС4'!L6:L24,"ОК*") | J9: =COUNTIF('3120 ЭС4'!L6:L24,"*не подписан") | K9: =COUNTIF('3120 ЭС4'!L6:L24,"Зав. № есть, АоРПИ нет") | L9: =COUNTIF('3120 ЭС4'!J6:J24,"-") | M9: Все шкафы РЗА имеют зав. № (RFI 1556), но АоРПИ 961 не подписан; в нём нет RC15 (10589/21) и дубль 10589/22.
A10: 3120 ЭС5 | B10: 3120 | C10: ЭС5 | D10: E19006-CXPP-3120-ЭС5.СО-001 / 4В (.doc) | E10: =COUNTA('3120 ЭС5'!B6:B7) | F10: =SUM('3120 ЭС5'!E6:E7) | G10: =SUM('3120 ЭС5'!G6:G7) | H10: =COUNTIF('3120 ЭС5'!L6:L7,"Нет*") | I10: =COUNTIF('3120 ЭС5'!L6:L7,"ОК*") | J10: =COUNTIF('3120 ЭС5'!L6:L7,"*не подписан") | K10: =COUNTIF('3120 ЭС5'!L6:L7,"Зав. № есть, АоРПИ нет") | L10: =COUNTIF('3120 ЭС5'!J6:J7,"-") | M10: ШЗВ, ШПС — ни номеров, ни АоРПИ (в папке 742 лежит копия акта ЭС4).
A11: 3120 АСУЭ | B11: 3120 | C11: АСУЭ | D11: 03-50-1200-44-АСУЭ.В4-001 / 4С (pdf, 10.07.2026) — сверено с 4А: состав шкафов и оборудования не изменился; в 4С добавлены обозначения шкафов ATMS, изменены кол-ва кабелей/лотков | E11: =COUNTA('3120 АСУЭ'!B6:B40) | F11: =SUM('3120 АСУЭ'!E6:E40) | G11: =SUM('3120 АСУЭ'!G6:G40) | H11: =COUNTIF('3120 АСУЭ'!L6:L40,"Нет*") | I11: =COUNTIF('3120 АСУЭ'!L6:L40,"ОК*") | J11: =COUNTIF('3120 АСУЭ'!L6:L40,"*не подписан") | K11: =COUNTIF('3120 АСУЭ'!L6:L40,"Зав. № есть, АоРПИ нет") | L11: =COUNTIF('3120 АСУЭ'!J6:J40,"-") | M11: Все 17 шкафов — ОК (АоРПИ 763 подписан). АРМ, антенны, метеостанция — номеров нет.
A12: 3120 АИИСКУЭ | B12: 3120 | C12: АИИСКУЭ | D12: 03-50-1200-44-АИИСКУЭ.В4-001 / 4B (pdf, 13.08.2026) — сверено: шкафы те же (EPFASC, MC); изменены марки счётчиков и ноутбука АРМ инженера | E12: =COUNTA('3120 АИИСКУЭ'!B6:B24) | F12: =SUM('3120 АИИСКУЭ'!E6:E24) | G12: =SUM('3120 АИИСКУЭ'!G6:G24) | H12: =COUNTIF('3120 АИИСКУЭ'!L6:L24,"Нет*") | I12: =COUNTIF('3120 АИИСКУЭ'!L6:L24,"ОК*") | J12: =COUNTIF('3120 АИИСКУЭ'!L6:L24,"*не подписан") | K12: =COUNTIF('3120 АИИСКУЭ'!L6:L24,"Зав. № есть, АоРПИ нет") | L12: =COUNTIF('3120 АИИСКУЭ'!J6:J24,"-") | M12: Шкаф АИИСКУЭ 10589/44 — АоРПИ 781 не подписан, без номера. Шкаф счётчиков 10589/43 — АоРПИ нет. Счётчики СТЭМ — номеров нет.
A13: 3120 ЭО | B13: 3120 | C13: ЭО | D13: E19006-CXPP-3120-ЭО.СО-001 / 4А (.xlsx) | E13: =COUNTA('3120 ЭО'!B6:B31) | F13: =SUM('3120 ЭО'!E6:E31) | G13: =SUM('3120 ЭО'!G6:G31) | H13: =COUNTIF('3120 ЭО'!L6:L31,"Нет*") | I13: =COUNTIF('3120 ЭО'!L6:L31,"ОК*") | J13: =COUNTIF('3120 ЭО'!L6:L31,"*не подписан") | K13: =COUNTIF('3120 ЭО'!L6:L31,"Зав. № есть, АоРПИ нет") | L13: =COUNTIF('3120 ЭО'!J6:J31,"-") | M13: Щиты DY/DS, светильники, ЯТП — номеров нет, АоРПИ на щиты нет; 682, 1070 — не подписаны, 823/859/864 — подписаны.
A14: 3120 СС | B14: 3120 | C14: СС | D14: 03-91-1200-01-СС.СО-001 / 5 (.docx) | E14: =COUNTA('3120 СС'!B6:B8) | F14: =SUM('3120 СС'!E6:E8) | G14: =SUM('3120 СС'!G6:G8) | H14: =COUNTIF('3120 СС'!L6:L8,"Нет*") | I14: =COUNTIF('3120 СС'!L6:L8,"ОК*") | J14: =COUNTIF('3120 СС'!L6:L8,"*не подписан") | K14: =COUNTIF('3120 СС'!L6:L8,"Зав. № есть, АоРПИ нет") | L14: =COUNTIF('3120 СС'!J6:J8,"-") | M14: Слаботочное/автоматика: зав. № и АоРПИ на оборудование отсутствуют; есть только кабельные АоРПИ.
A15: 3121 СС | B15: 3121 | C15: СС | D15: 03-91-1201-44-СС.СО-001 / 5А (.docx) | E15: =COUNTA('3121 СС'!B6:B21) | F15: =SUM('3121 СС'!E6:E21) | G15: =SUM('3121 СС'!G6:G21) | H15: =COUNTIF('3121 СС'!L6:L21,"Нет*") | I15: =COUNTIF('3121 СС'!L6:L21,"ОК*") | J15: =COUNTIF('3121 СС'!L6:L21,"*не подписан") | K15: =COUNTIF('3121 СС'!L6:L21,"Зав. № есть, АоРПИ нет") | L15: =COUNTIF('3121 СС'!J6:J21,"-") | M15: Слаботочное/автоматика: зав. № и АоРПИ на оборудование отсутствуют; есть только кабельные АоРПИ.
A16: 3121 ОС | B16: 3121 | C16: ОС | D16: 03-91-1201-44-ОС.СО-001 / 5 (.xlsx) | E16: =COUNTA('3121 ОС'!B6:B18) | F16: =SUM('3121 ОС'!E6:E18) | G16: =SUM('3121 ОС'!G6:G18) | H16: =COUNTIF('3121 ОС'!L6:L18,"Нет*") | I16: =COUNTIF('3121 ОС'!L6:L18,"ОК*") | J16: =COUNTIF('3121 ОС'!L6:L18,"*не подписан") | K16: =COUNTIF('3121 ОС'!L6:L18,"Зав. № есть, АоРПИ нет") | L16: =COUNTIF('3121 ОС'!J6:J18,"-") | M16: Слаботочное/автоматика: зав. № и АоРПИ на оборудование отсутствуют; есть только кабельные АоРПИ.
A17: 3121 СКУД | B17: 3121 | C17: СКУД | D17: 03-91-1201-44-СКУД.СО-001 / 5 (.docx) | E17: =COUNTA('3121 СКУД'!B6:B15) | F17: =SUM('3121 СКУД'!E6:E15) | G17: =SUM('3121 СКУД'!G6:G15) | H17: =COUNTIF('3121 СКУД'!L6:L15,"Нет*") | I17: =COUNTIF('3121 СКУД'!L6:L15,"ОК*") | J17: =COUNTIF('3121 СКУД'!L6:L15,"*не подписан") | K17: =COUNTIF('3121 СКУД'!L6:L15,"Зав. № есть, АоРПИ нет") | L17: =COUNTIF('3121 СКУД'!J6:J15,"-") | M17: Слаботочное/автоматика: зав. № и АоРПИ на оборудование отсутствуют; есть только кабельные АоРПИ.
A18: 3121 ПС | B18: 3121 | C18: ПС | D18: 03-91-1201-44-ПС.СО-001 / 4B (.docx) | E18: =COUNTA('3121 ПС'!B6:B20) | F18: =SUM('3121 ПС'!E6:E20) | G18: =SUM('3121 ПС'!G6:G20) | H18: =COUNTIF('3121 ПС'!L6:L20,"Нет*") | I18: =COUNTIF('3121 ПС'!L6:L20,"ОК*") | J18: =COUNTIF('3121 ПС'!L6:L20,"*не подписан") | K18: =COUNTIF('3121 ПС'!L6:L20,"Зав. № есть, АоРПИ нет") | L18: =COUNTIF('3121 ПС'!J6:J20,"-") | M18: Слаботочное/автоматика: зав. № и АоРПИ на оборудование отсутствуют; есть только кабельные АоРПИ.
A19: 3121 АОВ | B19: 3121 | C19: АОВ | D19: 03-50-1201-44-АОВ.СО-001 / 4A (.xlsx) | E19: =COUNTA('3121 АОВ'!B6:B12) | F19: =SUM('3121 АОВ'!E6:E12) | G19: =SUM('3121 АОВ'!G6:G12) | H19: =COUNTIF('3121 АОВ'!L6:L12,"Нет*") | I19: =COUNTIF('3121 АОВ'!L6:L12,"ОК*") | J19: =COUNTIF('3121 АОВ'!L6:L12,"*не подписан") | K19: =COUNTIF('3121 АОВ'!L6:L12,"Зав. № есть, АоРПИ нет") | L19: =COUNTIF('3121 АОВ'!J6:J12,"-") | M19: Слаботочное/автоматика: зав. № и АоРПИ на оборудование отсутствуют; есть только кабельные АоРПИ.
A20: 3121 АОВ1 | B20: 3121 | C20: АОВ1 | D20: 03-50-1201-44-АОВ1.СО-001 / 4B (.doc) | E20: =COUNTA('3121 АОВ1'!B6:B13) | F20: =SUM('3121 АОВ1'!E6:E13) | G20: =SUM('3121 АОВ1'!G6:G13) | H20: =COUNTIF('3121 АОВ1'!L6:L13,"Нет*") | I20: =COUNTIF('3121 АОВ1'!L6:L13,"ОК*") | J20: =COUNTIF('3121 АОВ1'!L6:L13,"*не подписан") | K20: =COUNTIF('3121 АОВ1'!L6:L13,"Зав. № есть, АоРПИ нет") | L20: =COUNTIF('3121 АОВ1'!J6:J13,"-") | M20: Слаботочное/автоматика: зав. № и АоРПИ на оборудование отсутствуют; есть только кабельные АоРПИ.
A21: 3123 СС | B21: 3123 | C21: СС | D21: 03-91-1203-44-СС.СО-001 / 4B (.docx); в папке 5 — pdf | E21: =COUNTA('3123 СС'!B6:B9) | F21: =SUM('3123 СС'!E6:E9) | G21: =SUM('3123 СС'!G6:G9) | H21: =COUNTIF('3123 СС'!L6:L9,"Нет*") | I21: =COUNTIF('3123 СС'!L6:L9,"ОК*") | J21: =COUNTIF('3123 СС'!L6:L9,"*не подписан") | K21: =COUNTIF('3123 СС'!L6:L9,"Зав. № есть, АоРПИ нет") | L21: =COUNTIF('3123 СС'!J6:J9,"-") | M21: Слаботочное/автоматика: зав. № и АоРПИ на оборудование отсутствуют; есть только кабельные АоРПИ.
A22: 3123 ОС | B22: 3123 | C22: ОС | D22: 03-91-1203-44-ОС.СО-001 / 5 (.docx) | E22: =COUNTA('3123 ОС'!B6:B9) | F22: =SUM('3123 ОС'!E6:E9) | G22: =SUM('3123 ОС'!G6:G9) | H22: =COUNTIF('3123 ОС'!L6:L9,"Нет*") | I22: =COUNTIF('3123 ОС'!L6:L9,"ОК*") | J22: =COUNTIF('3123 ОС'!L6:L9,"*не подписан") | K22: =COUNTIF('3123 ОС'!L6:L9,"Зав. № есть, АоРПИ нет") | L22: =COUNTIF('3123 ОС'!J6:J9,"-") | M22: Слаботочное/автоматика: зав. № и АоРПИ на оборудование отсутствуют; есть только кабельные АоРПИ.
A23: 3123 СКУД | B23: 3123 | C23: СКУД | D23: 03-91-1203-44-СКУД.СО-001 / 5 (.docx) | E23: =COUNTA('3123 СКУД'!B6:B11) | F23: =SUM('3123 СКУД'!E6:E11) | G23: =SUM('3123 СКУД'!G6:G11) | H23: =COUNTIF('3123 СКУД'!L6:L11,"Нет*") | I23: =COUNTIF('3123 СКУД'!L6:L11,"ОК*") | J23: =COUNTIF('3123 СКУД'!L6:L11,"*не подписан") | K23: =COUNTIF('3123 СКУД'!L6:L11,"Зав. № есть, АоРПИ нет") | L23: =COUNTIF('3123 СКУД'!J6:J11,"-") | M23: Слаботочное/автоматика: зав. № и АоРПИ на оборудование отсутствуют; есть только кабельные АоРПИ.
A24: 3123 ПС | B24: 3123 | C24: ПС | D24: 03-91-1203-44-ПС.СО-001 / 4A (.docx) | E24: =COUNTA('3123 ПС'!B6:B13) | F24: =SUM('3123 ПС'!E6:E13) | G24: =SUM('3123 ПС'!G6:G13) | H24: =COUNTIF('3123 ПС'!L6:L13,"Нет*") | I24: =COUNTIF('3123 ПС'!L6:L13,"ОК*") | J24: =COUNTIF('3123 ПС'!L6:L13,"*не подписан") | K24: =COUNTIF('3123 ПС'!L6:L13,"Зав. № есть, АоРПИ нет") | L24: =COUNTIF('3123 ПС'!J6:J13,"-") | M24: Слаботочное/автоматика: зав. № и АоРПИ на оборудование отсутствуют; есть только кабельные АоРПИ.
A25: 3123 АОВ | B25: 3123 | C25: АОВ | D25: 03-50-1203-44-АОВ.СО-001 / 4A (.docx) | E25: =COUNTA('3123 АОВ'!B6:B8) | F25: =SUM('3123 АОВ'!E6:E8) | G25: =SUM('3123 АОВ'!G6:G8) | H25: =COUNTIF('3123 АОВ'!L6:L8,"Нет*") | I25: =COUNTIF('3123 АОВ'!L6:L8,"ОК*") | J25: =COUNTIF('3123 АОВ'!L6:L8,"*не подписан") | K25: =COUNTIF('3123 АОВ'!L6:L8,"Зав. № есть, АоРПИ нет") | L25: =COUNTIF('3123 АОВ'!J6:J8,"-") | M25: Слаботочное/автоматика: зав. № и АоРПИ на оборудование отсутствуют; есть только кабельные АоРПИ.
A26: 3123 АОВ1 | B26: 3123 | C26: АОВ1 | D26: 03-50-1203-44-АОВ1.СО-001 / 4B (.doc) | E26: =COUNTA('3123 АОВ1'!B6:B9) | F26: =SUM('3123 АОВ1'!E6:E9) | G26: =SUM('3123 АОВ1'!G6:G9) | H26: =COUNTIF('3123 АОВ1'!L6:L9,"Нет*") | I26: =COUNTIF('3123 АОВ1'!L6:L9,"ОК*") | J26: =COUNTIF('3123 АОВ1'!L6:L9,"*не подписан") | K26: =COUNTIF('3123 АОВ1'!L6:L9,"Зав. № есть, АоРПИ нет") | L26: =COUNTIF('3123 АОВ1'!J6:J9,"-") | M26: Слаботочное/автоматика: зав. № и АоРПИ на оборудование отсутствуют; есть только кабельные АоРПИ.
A27: 3128 ОС | B27: 3128 | C27: ОС | D27: 03-91-1200-44-ОС.СО-001 / 5 (.docx) | E27: =COUNTA('3128 ОС'!B6:B14) | F27: =SUM('3128 ОС'!E6:E14) | G27: =SUM('3128 ОС'!G6:G14) | H27: =COUNTIF('3128 ОС'!L6:L14,"Нет*") | I27: =COUNTIF('3128 ОС'!L6:L14,"ОК*") | J27: =COUNTIF('3128 ОС'!L6:L14,"*не подписан") | K27: =COUNTIF('3128 ОС'!L6:L14,"Зав. № есть, АоРПИ нет") | L27: =COUNTIF('3128 ОС'!J6:J14,"-") | M27: Слаботочное/автоматика: зав. № и АоРПИ на оборудование отсутствуют; есть только кабельные АоРПИ.
A28: 3128 СОО | B28: 3128 | C28: СОО | D28: 03-91-1200-44-СОО.СО-001 / 5 (.docx) | E28: =COUNTA('3128 СОО'!B6:B9) | F28: =SUM('3128 СОО'!E6:E9) | G28: =SUM('3128 СОО'!G6:G9) | H28: =COUNTIF('3128 СОО'!L6:L9,"Нет*") | I28: =COUNTIF('3128 СОО'!L6:L9,"ОК*") | J28: =COUNTIF('3128 СОО'!L6:L9,"*не подписан") | K28: =COUNTIF('3128 СОО'!L6:L9,"Зав. № есть, АоРПИ нет") | L28: =COUNTIF('3128 СОО'!J6:J9,"-") | M28: Слаботочное/автоматика: зав. № и АоРПИ на оборудование отсутствуют; есть только кабельные АоРПИ.
A29: 3128 СОТ | B29: 3128 | C29: СОТ | D29: 03-91-1200-44-СОТ.СО-001 / 5 (.xlsx) | E29: =COUNTA('3128 СОТ'!B6:B8) | F29: =SUM('3128 СОТ'!E6:E8) | G29: =SUM('3128 СОТ'!G6:G8) | H29: =COUNTIF('3128 СОТ'!L6:L8,"Нет*") | I29: =COUNTIF('3128 СОТ'!L6:L8,"ОК*") | J29: =COUNTIF('3128 СОТ'!L6:L8,"*не подписан") | K29: =COUNTIF('3128 СОТ'!L6:L8,"Зав. № есть, АоРПИ нет") | L29: =COUNTIF('3128 СОТ'!J6:J8,"-") | M29: Слаботочное/автоматика: зав. № и АоРПИ на оборудование отсутствуют; есть только кабельные АоРПИ.
C30: ИТОГО | E30: =SUM(E6:E29) | F30: =SUM(F6:F29) | G30: =SUM(G6:G29) | H30: =SUM(H6:H29) | I30: =SUM(I6:I29) | J30: =SUM(J6:J29) | K30: =SUM(K6:K29) | L30: =SUM(L6:L29)
A32: Как читать: вкладка раздела → столбец «Заводской №» (пусто = номер не найден ни в АоРПИ, ни в RFI), «АоРПИ» (- = акта в папке ВК нет), «Итог» — формула по этим столбцам.
A33: Вкладка «Нет зав. №» — сводный перечень того, по чему номеров не хватает (силовое оборудование 3120 выделено жёлтым).
A34: Столбцы O–R во вкладках 3120 — данные «Сводной по подстанции 17.08.2026» (RFI, АоРПИ, замечания) и результат сверки; недостающие RFI/АоРПИ и позиции (АРМ, КИП-С, резисторы, ЭНИП, БАП и др.) перенесены в свод. Статусы АоРПИ обновлены по папке ВК на 28.09.2026.
A35: Вкладка «АоРПИ» — все найденные акты по титулам 312х (кроме КЖ/КМ/ЭГ-материалов) со статусом и ссылками; «RFI» — разбор RFI 1440, 1472-1, 1576/1576-1, 1614/1614-1, 1709/1709(1), 1828 и др.

Sheet Нет зав. №
A1: Оборудование, на которое заводские номера не найдены (что нужно запросить)
A2: Сформировано из вкладок разделов: строки с пустым столбцом «Заводской №». Приоритет — силовое оборудование 3120 (ЭС1–ЭС5, АСУЭ, АИИСКУЭ).
A4: Вкладка | B4: Поз. / тег | C4: Наименование | D4: Тип, марка | E4: Кол-во | F4: RFI | G4: АоРПИ | H4: Примечание / где искать
A5: 3120 ЭС1 | B5: — | C5: Шкаф местного управления 1200х900х2000, IP55 | D5: ШМУ (Sieyuan) | E5: 2 | F5: 1440 | G5: - | H5: В RFI 1440 только чертёжный № SGF24012NS6010; зав. № не найден
A6: 3120 ЭС1 | B6: — | C6: Шкаф местного управления 980х900х2000, IP55 | D6: ШМУ (Sieyuan) | E6: 2 | F6: 1440 | G6: - | H6: В RFI 1440 чертёжные № SGF24012NS6020/6030; зав. № не найден
A7: 3120 ЭС1 | B7: — | C7: Шкаф онлайн-мониторинга 980х900х2000, IP54 | D7: Sieyuan | E7: 1 | F7: 1440 | G7: - | H7: В RFI 1440 «Система мониторинга» NS1313–1315 без зав. №
A8: 3120 ЭС1 | B8: — | C8: Токопровод 10 кВ закрытый 2000 А, 50 кА, с ОПН 10 кВ | D8: Jiangsu Shilin | E8: 4 | F8: 1332 | G8: - | H8: Возможно поставлен по RFI 1332 (GM-12/2000) — привязку к 3120 сверить
A9: 3120 ЭС1 | B9: — | C9: Токопровод 10 кВ закрытый 2000 А, 50 кА | D9: Jiangsu Shilin | E9: 2 | F9: 1332, 1613 | G9: - | H9: Возможно RFI 1332
A10: 3120 ЭС1 | B10: — | C10: Токопровод 10 кВ закрытый 100 А, 50 кА, с ОПН 10 кВ | D10: Jiangsu Shilin | E10: 2 | F10: 1332, 1613 | G10: -
A11: 3120 ЭС1 | B11: — | C11: Шкаф управления системой охлаждения трансформатора, IP54 | D11: ШУ-Д-2-380-16-4/2,5 | E11: 2 | F11: - | G11: - | H11: Вероятно в комплекте ТРДН — проверить паспорт E19006-PO-061-TP-0001
A12: 3120 ЭС3 | B12: 1.4 | C12: Стеллаж аккумуляторный двухъярусный | D12: ACM1-2 (ВОЛЬТАГ) | E12: 4 | F12: 1403 | G12: 816-3120-ЭС3-ВК-ЧНД
A13: 3120 ЭС3 | B13: 1.5 АБ1, АБ2 | C13: АКБ свинцово-кислотная 490 Ач, 104 эл. по 2 В | D13: OPzS 490 (ВОЛЬТАГ) | E13: 2 | F13: 1403 | G13: 816-3120-ЭС3-ВК-ЧНД | H13: Зав. № батарей не найдены
A14: 3120 ЭС3 | B14: 1.6 (03L1201) | C14: Кран мостовой однобалочный подвесной двухпролётный 10 т | D14: FHU10-15-9 A3 | E14: 1 | F14: 1292-1, 1292 | G14: 526-3121-КЭ-ЧНД | H14: В RFI/АоРПИ только индекс крана и тег 03L1201, зав. № нет
A15: 3120 ЭС3 | B15: 1.7 | C15: Шкаф управления краном 400 В, 600х900х220 | D15: FEC22058-06 | E15: 1 | F15: 1292-1, 1292 | G15: 526-3121-КЭ-ЧНД
A16: 3120 ЭС3 | B16: 1.8 DCW1.1N, DCW1.2N | C16: Ящик с рубильником и штепсельным разъёмом, IP54 | D16: ЯВЗШ-31-100 УХЛ1 | E16: 2 | F16: 1541 | G16: -
A17: 3120 ЭС3 | B17: 1.9 DCW2.1N…DCW3.2N | C17: Ящик с рубильником и штепсельным разъёмом, IP31 | D17: ЯВЗШ-31-100 УХЛ4 | E17: 6 | F17: 1541 | G17: -
A18: 3120 ЭС3 | B18: 1.10 DC2.1-2.2N | C18: Вторичная силовая сборка DC2.1-2.2N | E18: 1 | F18: 1671 | G18: -
A19: 3120 ЭС3 | B19: 1.11 DC2.3N | C19: Вторичная силовая сборка DC2.3N | E19: 1 | F19: 1671 | G19: -
A20: 3120 ЭС3 | B20: 1.12 DC2.5N | C20: Вторичная силовая сборка отопления DC2.5N | E20: 1 | F20: 1671 | G20: -
A21: 3120 ЭС3 | B21: 1.13 DC2.6N | C21: Вторичная силовая сборка отопления DC2.6N | E21: 1 | F21: 1671 | G21: -
A22: 3120 ЭС3 | B22: 1.14 DC2.7N | C22: Вторичная силовая сборка кондиционирования DC2.7N | E22: 1 | F22: 1671 | G22: -
A23: 3120 ЭС3 | B23: 1.15 DC2.8N | C23: Вторичная силовая сборка вентиляции DC2.8N | E23: 1 | F23: 1671 | G23: -
A24: 3120 ЭС3 | B24: 1.16 DC2.9N | C24: Вторичная силовая сборка вентиляции DC2.9N | E24: 1 | F24: 1671 | G24: -
A25: 3120 ЭС3 | B25: 1.17 DC2.10N | C25: Вторичная силовая сборка вентиляции DC2.10N | E25: 1 | F25: 1671 | G25: -
A26: 3120 ЭС3 | B26: 1.18 DC2.11N | C26: Вторичная силовая сборка вентиляции DC2.11N | E26: 1 | F26: 1671 | G26: -
A27: 3120 ЭС3 | B27: 1.19 DC2.12N | C27: Вторичная силовая сборка вентиляции DC2.12N | E27: 1 | F27: 1671 | G27: -
A28: 3120 ЭС3 | B28: 1.20 DC2.13N | C28: Вторичная силовая сборка вентиляции DC2.13N | E28: 1 | F28: 1671 | G28: -
A29: 3120 ЭС3 | B29: 1.21 DC3.1N | C29: Вторичная силовая сборка DC3.1N (устан. в ЗРУ-10 кВ тит. 3123) | E29: 1 | F29: 1671 | G29: -
... A31: 3120 ЭС3 | B31: 1.23 DCM3.1N | C31: Панель противопожарных устройств (ППУ), в ЗРУ-10 кВ тит. 3123 | E31: 1 | F31: 1671 | G31: -
A32: 3120 ЭС4 | B32: — | C32: Комплект ПО и оборудования для обмена с терминалами РЗА | D32: WINBRES, TRANSET, BRESUSB | E32: 2 | F32: - | G32: -
A33: 3120 ЭС4 | B33: — | C33: Ноутбук для обслуживания устройств РЗА | E33: 1 | F33: - | G33: -
A34: 3120 ЭС4 | B34: — | C34: Инструмент для монтажа и наладки ПТС РЗА | D34: Бреслер | E34: 1 | F34: - | G34: -
A35: 3120 ЭС5 | B35: ШЗВ | C35: Шкаф промежуточных зажимов, 30 зажимов | D35: ШЗВ-30 | E35: 1 | F35: 1671 | G35: - | H35: В папке АоРПИ 742-3120-ЭС5 лежит копия акта 961 (ЭС4) — акта на ЭС5 фактически нет
A36: 3120 ЭС5 | B36: ШПС | C36: Шкаф повторителей сигнала | D36: ШПС | E36: 1 | F36: 1671 | G36: -
A37: 3120 АСУЭ | B37: АРМ 4051 | C37: Монитор Delta Computers 27" | D37: М2701/2КР/LCD | E37: 6 | F37: 1556(1) | G37: -
A38: 3120 АСУЭ | B38: АРМ 4051 | C38: Принтер HP Color LaserJet CP5225dn | D38: CE712A | E38: 1 | F38: 1556(1) | G38: -
A39: 3120 АСУЭ | B39: АРМ 4051 | C39: МФУ HP LaserJet Pro 4103dw | D39: 2Z627A | E39: 1 | F39: 1556(1) | G39: -
A40: 3120 АСУЭ | B40: АРМ СМиУКЭ/РЗА/АСУЭ | C40: Ноутбук Acer Aspire 5 A515-57 | D40: A515-57-506D | E40: 3 | F40: 1556(1) | G40: -
A41: 3120 АСУЭ | B41: — | C41: Антенна ГЛОНАСС/GPS | D41: GPS-P.50MP | E41: 3 | F41: 1556(1) | G41: -
A42: 3120 АСУЭ | B42: — | C42: Метеостанция | D42: IMETEOLABS PWS-600R | E42: 1 | F42: 1556(2), 1556(1) | G42: - | H42: Поставлена в ЗИП RFI 1556(2), зав. № не указан
A43: 3120 АСУЭ | B43: АРМ 4051 | C43: Клавиатура и мышь | E43: 4 | F43: 1556(1) | G43: -
A44: 3120 АСУЭ | B44: АРМ 4051 | C44: Сетевой удлинитель | E44: 4 | F44: 1556(1) | G44: -
A45: 3120 АСУЭ | B45: АРМ СМиУКЭ/РЗА/АСУЭ | C45: ОС Astra Linux 1.8 | D45: РусБИТех-Астра | E45: 3 | F45: 1556(1) | G45: -
A46: 3120 АСУЭ | B46: АРМ | C46: Кабель DB9–USB | D46: UGREEN CR104 | E46: 3 | F46: 1556(1) | G46: -
A47: 3120 АСУЭ | B47: АРМ | C47: Мышь беспроводная | D47: A4TECH Fstyler FG10S | E47: 3 | F47: 1556(1) | G47: -
A48: 3120 АСУЭ | B48: АРМ | C48: Сумка для ноутбука 17,3" | D48: Continent CC-018 | E48: 3 | F48: 1556(1) | G48: -
A49: 3120 АСУЭ | B49: — | C49: Кронштейн для антенны ГЛОНАСС/GPS 500 мм | D49: GPS-КР-500 | E49: 3 | F49: 1556(1) | G49: -
A50: 3120 АСУЭ | B50: — | C50: Датчик температуры Pt100, RS-485 | D50: ДТС125М-PT100.1,0.60.RS | E50: 9 | F50: 1556(1) | G50: -
A51: 3120 АСУЭ | B51: — | C51: Многофункциональный измерительный преобразователь, 2x100Base FX | D51: ЭНИП-2 | E51: 12 | F51: 1556(1) | G51: -
A52: 3120 АСУЭ | B52: — | C52: Модуль дискретного ввода-вывода | E52: 12 | F52: 1556(1) | G52: -
A53: 3120 АСУЭ | B53: 2.17 | C53: Мачта антенная Ø50 мм | D53: МА50 | E53: 1 | F53: 1700 | G53: 817-3120-АСУЭ-ВК-ЧНД
A54: 3120 АСУЭ | B54: 2.18 | C54: Кронштейн-тренога для настенного крепления мачты | D54: МА41 | E54: 1 | F54: 1700 | G54: 817-3120-АСУЭ-ВК-ЧНД
A55: 3120 АИИСКУЭ | B55: PIK4–PIK7 | C55: Счётчик электроэнергии 0,5S/1, 1/10 А, 2xRS485 | D55: СТЭМ-300.263SU (СИ-АРТ) | E55: 4 | F55: 1556(1) | G55: - | H55: Зав. № счётчиков не найдены. В СО 4А (.doc, 10.2025) было СТЭМ-300.255SU — по 4B марка изменена
A56: 3120 АИИСКУЭ | B56: PIK8, PIK9 | C56: Счётчик электроэнергии 0,5S/1, 5/10 А, 2xRS485 | D56: СТЭМ-300.153SU (СИ-АРТ) | E56: 2 | F56: 1556(1) | G56: - | H56: В СО 4А было СТЭМ-300.155SU — по 4B марка изменена
A57: 3120 АИИСКУЭ | B57: АРМ оператора | C57: Компьютер iRU Home 310H6SE | D57: iRU | E57: 1 | F57: 1556(1) | G57: -
A58: 3120 АИИСКУЭ | B58: АРМ оператора | C58: Монитор 23,8" ASUS VA24DQFR | D58: ASUS | E58: 2 | F58: 1556(1) | G58: -
A59: 3120 АИИСКУЭ | B59: АРМ оператора | C59: ИБП Ippon Smart Power Pro II 1200 | D59: IPPON | E59: 1 | F59: 1556(1) | G59: -
A60: 3120 АИИСКУЭ | B60: АРМ инженера | C60: Ноутбук Acer Aspire 5 A515-57-506D | D60: A515-57-506D | E60: 1 | F60: 1556(1) | G60: - | H60: В СО 4А было Acer Aspire 3 A317-55P — по 4B заменён
A61: 3120 АИИСКУЭ | B61: SG | C61: Коробка испытательная переходная | D61: КИП-С-IP20 (КЭАЗ) | E61: 6 | F61: 1556(1) | G61: -
A62: 3120 АИИСКУЭ | B62: — | C62: Разветвитель интерфейса RS-485/422 | D62: ПР-3 IP65 | E62: 6 | F62: 1556(1) | G62: -
A63: 3120 АИИСКУЭ | B63: — | C63: Догрузочный резистор 3х5 ВА | D63: МР 3021-Н-100/V3В-3х5 ВА | E63: 6 | F63: 1556(1) | G63: -
A64: 3120 АИИСКУЭ | B64: — | C64: Догрузочный резистор 3х10 ВА | D64: МР 3021-Н-100/V3В-3х10 ВА | E64: 4 | F64: 1556(1) | G64: -
A65: 3120 АИИСКУЭ | B65: — | C65: Догрузочный резистор 4 ВА | D65: МР 3021-Т-1А-4ВА | E65: 21 | F65: 1556(1) | G65: -
A66: 3120 АИИСКУЭ | B66: АРМ оператора | C66: ОС Astra Linux SE (Орёл) | D66: РусБИТех-Астра | E66: 1 | F66: 1556(1) | G66: -
A67: 3120 АИИСКУЭ | B67: АРМ оператора | C67: Комплект клавиатура + мышь | D67: A4TECH KK-3330S | E67: 1 | F67: 1556(1) | G67: -
A68: 3120 АИИСКУЭ | B68: АРМ оператора | C68: Колонки | D68: Sven 230 | E68: 1 | F68: 1556(1) | G68: -
A69: 3120 АИИСКУЭ | B69: АРМ инженера | C69: Кабель DB9–USB | D69: UGREEN CR104 | E69: 1 | F69: 1556(1) | G69: -
A70: 3120 АИИСКУЭ | B70: АРМ инженера | C70: Мышь беспроводная | D70: A4TECH Fstyler FG10S | E70: 1 | F70: 1556(1) | G70: -
A71: 3120 АИИСКУЭ | B71: АРМ инженера | C71: Сумка для ноутбука 17,3" | D71: Continent CC-018 | E71: 1 | F71: - | G71: -
A72: 3120 ЭО | B72: 1.1 DY2.2N | C72: Пункт распределительный навесной 400 В (вводной) | D72: 03-90-1200-28-ЭО-002 | E72: 1 | F72: 1541 | G72: -
... A75: 3120 ЭО | B75: 1.4 DS2.2N | C75: Вводно-распределительное устройство 100 А (щит освещения) | D75: 03-90-1200-28-ЭО-002 | E75: 1 | F75: 1541 | G75: -
A76: 3120 ЭО | B76: 3.1 | C76: Светильник светодиодный, накладной, опал. рассеиватель | D76: Тип 1 | E76: 62 | F76: 1408-1, 1449-1, 1565-1, 1408, 1449 | G76: 1070-3120-ЭО-ВК-ЧНД | H76: Светильники по RFI 1408-1/1449-1/1565-1 (типы SZSW/SW1230) — соответствие типам СО не подтверждено; зав. № на светильники в документах не указываются
A77: 3120 ЭО | B77: 3.2 | C77: Светильник светодиодный, накладной, с БАП | D77: Тип 1.1 | E77: 46 | F77: 1408-1, 1449-1, 1565-1, 1408, 1449 | G77: -
A78: 3120 ЭО | B78: 3.3 | C78: Светильник светодиодный, накладной, микропризма | D78: Тип 2 | E78: 18 | F78: 1408-1, 1449-1, 1565-1, 1408, 1449 | G78: -
A79: 3120 ЭО | B79: 3.4 | C79: Светильник светодиодный, накладной, микропризма, с БАП | D79: Тип 2.1 | E79: 15 | F79: 1408-1, 1449-1, 1565-1, 1408, 1449 | G79: -
A80: 3120 ЭО | B80: 3.5 | C80: Светильник светодиодный, накладной 2200 лм | D80: Тип 4 | E80: 31 | F80: 1408-1, 1449-1, 1565-1, 1408 | G80: 1070-3120-ЭО-ВК-ЧНД
A81: 3120 ЭО | B81: 3.6 | C81: Светильник светодиодный, накладной 2200 лм, с БАП | D81: Тип 4.1 | E81: 9 | F81: 1408-1, 1449-1, 1565-1, 1408, 1449 | G81: -
A82: 3120 ЭО | B82: 3.7 | C82: Светильник светодиодный, накладной 3300 лм | D82: Тип 5 | E82: 27 | F82: 1408-1, 1449-1, 1565-1, 1408, 1449 | G82: -
A83: 3120 ЭО | B83: 3.8 | C83: Светильник светодиодный, накладной 3300 лм, с БАП | D83: Тип 5.1 | E83: 7 | F83: 1408-1, 1449-1, 1565-1, 1408, 1449 | G83: -
A84: 3120 ЭО | B84: 3.9 | C84: Светильник светодиодный, накладной 1900 лм | D84: Тип 6 | E84: 21 | F84: 1408-1, 1449-1, 1565-1, 1408, 1449 | G84: 1070-3120-ЭО-ВК-ЧНД
A85: 3120 ЭО | B85: 3.10 | C85: Светильник светодиодный, накладной 1700 лм | D85: Тип 7 | E85: 4 | F85: 1408-1, 1449-1, 1565-1, 1408, 1449 | G85: -
A86: 3120 ЭО | B86: 3.11 | C86: Светильник светодиодный, накладной 1200 лм | D86: Тип 8 | E86: 7 | F86: 1408-1, 1449-1, 1565-1, 1408, 1449 | G86: 1070-3120-ЭО-ВК-ЧНД
A87: 3120 ЭО | B87: 3.12 | C87: Светильник светодиодный, прожектор 7600 лм | D87: Тип 9 | E87: 22 | F87: 1408-1, 1449-1, 1565-1, 1408, 1449 | G87: 1070-3120-ЭО-ВК-ЧНД
A88: 3120 ЭО | B88: 3.13 | C88: Светильник светодиодный, встраиваемый 2000 лм | D88: Тип 10 | E88: 9 | F88: 1408-1, 1449-1, 1565-1, 1408, 1449 | G88: -
... A93: 3120 ЭО | B93: 3.18 | C93: Светильник светодиодный, прожектор 450 Вт IP67 | D93: Тип 13 | E93: 18 | F93: 1408-1, 1449-1, 1565-1, 1408 | G93: -
A94: 3120 ЭО | B94: — | C94: Ящик с понижающим трансформатором | D94: ЯТП-0,25 230/24 | E94: 9 | F94: 1545, 1541 | G94: - | H94: RFI 1545 принят; АоРПИ нет
A95: 3120 ЭО | B95: — | C95: Блок аварийного питания для LED-светильников 70 Вт | D95: CONVERSION KIT LED 70W | E95: 2 | F95: 1642 | G95: 823-3120-ЭО-ВК-ЧНД | H95: Также БАП 200 Вт — 5 шт, 120 Вт — 1 шт, АоРПИ нет
A96: 3120 ЭО | B96: 3.24 БАП-1… | C96: Блок аварийного питания для LED-светильников до 200 Вт, 1 ч | E96: 5 | F96: 1642 | G96: 823-3120-ЭО-ВК-ЧНД
A97: 3120 ЭО | B97: 3.25 БАП-4 | C97: Блок аварийного питания для LED-светильников до 120 Вт, 1 ч | E97: 1 | F97: 1642 | G97: 823-3120-ЭО-ВК-ЧНД
A98: 3120 СС | B98: SW4051-1, SW4031-1 | C98: Коммутатор L3 PoE 48 портов (в составе: коммутатор, 2 БП, сертификат) | E98: 2 | F98: 1828 | G98: - | H98: Для тит. 4051/4031 (в составе СО 3120 СС)
A99: 3120 СС | B99: 3.5 | C99: Мобильный АРМ 13,4" | E99: 2 | F99: - | G99: -
A100: 3120 СС | B100: 4.2 | C100: Модуль расширения для телефонов QVP-300P/600P | E100: 1 | F100: - | G100: -
A101: 3121 СС | B101: 1.1 | C101: Шкаф телекоммуникационный 42U 800х800 | D101: ШТК-Э-42.8.8-13АА (ЦМО) | E101: 3 | F101: 1828 | G101: - | H101: RFI 1828 (шкафы 42U — 3 шт) отклонён. В паспортах ЦМО (PO-219-TP-0001 1B, стр. 149–168) зав. № не проставлен — только штамп ОТК 03.09.2025; запросить у поставщика
A102: 3121 СС | B102: 2.1 | C102: IP-телефон SIP-T30P | D102: Yealink SIP-T30P | E102: 13 | F102: - | G102: - | H102: Групповой паспорт Айпиматика 27.02.2026 (PO-219-TP-0001 1B, стр. 761–764) — зав. № нет; смотреть на шильдиках/коробках
A103: 3121 СС | B103: 3.6 | C103: Цифровая АТС «РТУ МОА» | E103: 1 | F103: - | G103: - | H103: В PO-219-TP-0001 1B паспорта РТУ МОА нет (нет в оглавлении)
A104: 3121 СС | B104: 3.10 | C104: Универсальный модуль подключений 16х1А | D104: UMZ16 (Линсис) | E104: 1 | F104: 1828 | G104: - | H104: В паспорте (PO-219-TP-0001 1B, стр. 394) указано «без номера»
A105: 3121 СС | B105: 3.12 | C105: KVM-консоль | D105: ATEN CL3100NX | E105: 1 | F105: 1828 | G105: - | H105: В PO-219-TP-0001 1B (стр. 25–32) только проспект ATEN, зав. № нет — смотреть на шильдике
A106: 3121 СС | B106: 3.13 | C106: IP KVM-переключатель | D106: ATEN KN1108VA | E106: 1 | F106: - | G106: -
A107: 3121 СС | B107: 3.15 | C107: Маршрутизатор (компл.) | D107: NSR2900X-14D | E107: 2 | F107: - | G107: -
A108: 3121 СС | B108: 3.17 | C108: Преобразователь интерфейсов С37.94/Е1 | E108: 2 | F108: - | G108: -
...

Sheet Пояснения
A1: Пояснения к своду
A3: ЦЕЛЬ
A4: Задача | B4: По РД главной подстанции (титулы 3120, 3121, 3123, 3128) выделить оборудование из спецификаций, найти заводские номера и АоРПИ; где номера нет — оставить пусто, где АоРПИ нет — «-».
A5: ИСТОЧНИКИ
A6: РД / СО | B6: SMB-46/PTO/6. Electric электрический/1.Последние чертежи/3120 и подпапка «Спецификация материалов» (doc/docx/xlsx последних ревизий). Из каждой СО взят раздел «Оборудование» (для слаботочки — приборы и устройства, без кабелей и материалов).
A7: АоРПИ | B7: Sharepoint/02-PTO/05 RFI & Incoming control/2.Incoming control/1.Closed (подписан) и 2.Open (не подписан); акты в формате разработки — SMB-46/PTO/Alfa-prom/Входной контроль (База Данных) (статус «Не подписан», если в 2.Open не загружены). Старая папка Alfa-prom/Incoming control удалена и не учитывается.
A8: RFI | B8: Sharepoint/02-PTO/05 RFI & Incoming control/1.RFI/CHENGDA (1541 RFI-форм просмотрено); заводские номера взяты из поля «Объект инспекции» и Приложений № 2.
A9: Паспорта | B9: Sharepoint/_Текст для поиска (распознанный текст PDF): зав. № трансформаторов 005214V/005215V взяты из текста АоРПИ 477/478.
A10: ОГРАНИЧЕНИЯ
A11: 1 | B11: СО перепроверены 28.09.2026: АСУЭ — по ревизии 4С (10.07.2026), АИИСКУЭ — по 4B (13.08.2026), ЭС4 — 4А (новее нет). Состав шкафов АСУЭ/АИИСКУЭ не изменился; в АИИСКУЭ изменены марки счётчиков (СТЭМ-300.263SU/153SU) и ноутбук АРМ инженера. ЗИП (раздел 5) в свод не включён.
A12: 2 | B12: Для светильников, извещателей и т.п. заводские номера в документах поставки не указываются — такие строки будут «без зав. №» по определению.
A13: 3 | B13: Номер ЩСН: в АоРПИ 806 и RFI 1560-2 — 297-25, в отклонённом RFI 1560-1 — 189-25. Номер ЩПТ: паспорта 25002 (№1) и 25003 (№2), в АоРПИ 816 — «ЩПТ №2 25002».
A14: ЦВЕТА | B14: Зелёный — зав. № есть и АоРПИ подписан; жёлтый — зав. № есть, но АоРПИ не подписан/нет или номера не все; красный — зав. № не найден.

Sheet 3120 ЭС1
A1: Титул 3120, раздел ЭС1 — оборудование (раздел «Оборудование» спецификации), заводские номера и АоРПИ
A2: СО: E19006-CXPP-3120-ЭС1.СО-001 (03-90-1200-44-ЭС.СО-001), ревизия 4А (Спецификация материалов/.doc)
A3: Зав. № и АоРПИ собраны из папок Nextcloud: 2.Incoming control (1.Closed — подписан, 2.Open — не подписан), 1.RFI/CHENGDA, _Текст для поиска. «-» в столбце АоРПИ — акта в папке ВК нет.
A5: Поз. / тег | B5: Наименование (по СО) | C5: Тип, марка | D5: Ед. | E5: Кол-во по СО | F5: Заводской № (пусто — не найден) | G5: Найдено зав. №, шт | H5: Источник зав. № | I5: RFI | J5: АоРПИ (- если нет) | K5: Статус АоРПИ | L5: Итог | M5: Примечание | N5: Паспорт (TP) | O5: RFI по сводной 17.08.2026 | P5: АоРПИ по сводной 17.08.2026 | Q5: Замечание из сводной 17.08.2026 | R5: Сверка со сводной 17.08.2026
A6: 0312GIS01 | B6: КРУЭ 220 кВ по типовой схеме 220-5АН, 4000 А, 50 кА | C6: ZF28-252 (Shanghai Sieyuan) | D6: компл. | E6: 1 | F6: SGF24012NSD01; SGF24012NSD02; SGF24012NSD03; SGF24012NSD04 | G6: 4 | H6: RFI 1440 (отклонён) | I6: 1440 | J6: - | K6: - | L6: =IF(F6="",IF(J6="-","Нет зав. №, нет АоРПИ","Нет зав. №"),IF(G6<E6,"Зав. № не все ("&G6&" из "&E6&")",IF(J6="-","Зав. № есть, АоРПИ нет",IF(K6="Подписан","ОК: зав. № + АоРПИ подписан","Зав. № есть, АоРПИ не подписан")))) | M6: 4 зав. № — по транспортным блокам КРУЭ. Документы Чэнда по RFI 1440 от 22.09.2026 (TRM 18712) — только паспорта ОПН (TP-0007), паспортов КРУЭ с зав. № нет. RFI 1440 отклонён, повторного RFI нет; АоРПИ нет | O6: CHENGDA-MU-IC-1440 | P6: нет, акт рабочий лист | Q6: Документы отклонены заказчиком. Исправленных документов не получали. | R6: Совпадает
A7: — | B7: Шкаф местного управления 1200х900х2000, IP55 | C7: ШМУ (Sieyuan) | D7: компл. | E7: 2 | G7: 0 | I7: 1440 | J7: - | K7: - | L7: =IF(F7="",IF(J7="-","Нет зав. №, нет АоРПИ","Нет зав. №"),IF(G7<E7,"Зав. № не все ("&G7&" из "&E7&")",IF(J7="-","Зав. № есть, АоРПИ нет",IF(K7="Подписан","ОК: зав. № + АоРПИ подписан","Зав. № есть, АоРПИ не подписан")))) | M7: В RFI 1440 только чертёжный № SGF24012NS6010; зав. № не найден | O7: CHENGDA-MU-IC-1440 | P7: нет, акт рабочий лист | Q7: Документов нет, в первом комплекте документы на данные позиции отсутствовали. | R7: кол-во: в СО 2, в сводной 3
A8: — | B8: Шкаф местного управления 980х900х2000, IP55 | C8: ШМУ (Sieyuan) | D8: компл. | E8: 2 | G8: 0 | I8: 1440 | J8: - | K8: - | L8: =IF(F8="",IF(J8="-","Нет зав. №, нет АоРПИ","Нет зав. №"),IF(G8<E8,"Зав. № не все ("&G8&" из "&E8&")",IF(J8="-","Зав. № есть, АоРПИ нет",IF(K8="Подписан","ОК: зав. № + АоРПИ подписан","Зав. № есть, АоРПИ не подписан")))) | M8: В RFI 1440 чертёжные № SGF24012NS6020/6030; зав. № не найден | O8: CHENGDA-MU-IC-1440 | P8: нет, акт рабочий лист | Q8: Документов нет, в первом комплекте документы на данные позиции отсутствовали. | R8: Совпадает
A9: — | B9: Шкаф онлайн-мониторинга 980х900х2000, IP54 | C9: Sieyuan | D9: компл. | E9: 1 | G9: 0 | I9: 1440 | J9: - | K9: - | L9: =IF(F9="",IF(J9="-","Нет зав. №, нет АоРПИ","Нет зав. №"),IF(G9<E9,"Зав. № не все ("&G9&" из "&E9&")",IF(J9="-","Зав. № есть, АоРПИ нет",IF(K9="Подписан","ОК: зав. № + АоРПИ подписан","Зав. № есть, АоРПИ не подписан")))) | M9: В RFI 1440 «Система мониторинга» NS1313–1315 без зав. № | O9: CHENGDA-MU-IC-1440 | P9: нет, акт рабочий лист | Q9: Документов нет, в первом комплекте документы на данные позиции отсутствовали. | R9: Совпадает
A10: 0312TRA01, 0312TRA02 | B10: Трансформатор силовой масляный с расщеплённой обмоткой 63 МВА, РПН | C10: ТРДН-63000/220-УХЛ1 (ERSO) | D10: компл. | E10: 2 | F10: 005214V (0312TRE01); 005215V (0312TRE02) | G10: 2 | H10: АоРПИ 477, 478 | I10: 1293-2, 1293 | J10: 477-3120-ТР-ЧНД, 478-3120-ТР-ЧНД | K10: Подписан | L10: =IF(F10="",IF(J10="-","Нет зав. №, нет АоРПИ","Нет зав. №"),IF(G10<E10,"Зав. № не все ("&G10&" из "&E10&")",IF(J10="-","Зав. № есть, АоРПИ нет",IF(K10="Подписан","ОК: зав. № + АоРПИ подписан","Зав. № есть, АоРПИ не подписан")))) | M10: В СО теги 0312TRA01/02, в RFI и АоРПИ — 0312TRE01/02 | O10: CHENGDA-MU-IC-1293 | P10: 477-3120-TP-ЧНД 478-3120-TP-ЧНД | R10: RFI 1293 добавлен из сводной
A11: — | B11: Ограничитель перенапряжений 220 кВ | C11: ОПНп-220/680/163-10-IV УХЛ1 (Полимер-Аппарат) | D11: шт | E11: 12 | F11: 253392; 253393; 253394; 253395; 253396; 253397; 253398; 253399; 253400; 253401; 253402; 253403 | G11: 12 | H11: RFI 1440(1); паспорта TP-0007 1B | I11: 1440(1), 1440 | J11: 1248-3120-ЭС1-ВК-ЧНД | K11: Не подписан | L11: =IF(F11="",IF(J11="-","Нет зав. №, нет АоРПИ","Нет зав. №"),IF(G11<E11,"Зав. № не все ("&G11&" из "&E11&")",IF(J11="-","Зав. № есть, АоРПИ нет",IF(K11="Подписан","ОК: зав. № + АоРПИ подписан","Зав. № есть, АоРПИ не подписан")))) | M11: Все 12 зав. № подтверждены паспортами E19006-PO-062-TP-0007 1B (ОТК 14.11.2025, Полимер-Аппарат). В АоРПИ 1248 зав. № не указаны — дописать | N11: E19006-PO-062-TP-0007 1B — 12 паспортов, зав. № 253392–253403 (ОТК 14.11.2025) | O11: CHENGDA-MU-IC-1440 | P11: 1248-3120-ЭС1-ВК-ЧНД | Q11: Сделали | R11: RFI 1440 добавлен из сводной
A12: — | B12: Токопровод 10 кВ закрытый 2000 А, 50 кА, с ОПН 10 кВ | C12: Jiangsu Shilin | D12: компл. | E12: 4 | G12: 0 | I12: 1332 | J12: - | K12: - | L12: =IF(F12="",IF(J12="-","Нет зав. №, нет АоРПИ","Нет зав. №"),IF(G12<E12,"Зав. № не все ("&G12&" из "&E12&")",IF(J12="-","Зав. № есть, АоРПИ нет",IF(K12="Подписан","ОК: зав. № + АоРПИ подписан","Зав. № есть, АоРПИ не подписан")))) | M12: Возможно поставлен по RFI 1332 (GM-12/2000) — привязку к 3120 сверить | O12: CHENGDA-MU-IC-1332 | P12: нет, акт рабочий лист | Q12: RFI на проверке в НГС с 22.04.2026 | R12: Совпадает
A13: — | B13: Токопровод 10 кВ закрытый 2000 А, 50 кА | C13: Jiangsu Shilin | D13: компл. | E13: 2 | G13: 0 | I13: 1332, 1613 | J13: - | K13: - | L13: =IF(F13="",IF(J13="-","Нет зав. №, нет АоРПИ","Нет зав. №"),IF(G13<E13,"Зав. № не все ("&G13&" из "&E13&")",IF(J13="-","Зав. № есть, АоРПИ нет",IF(K13="Подписан","ОК: зав. № + АоРПИ подписан","Зав. № есть, АоРПИ не подписан")))) | M13: Возможно RFI 1332 | O13: CHENGDA-MU-IC-1332 / CHENGDA-MU-IC-1613 | P13: нет, акт рабочий лист | Q13: Не понятно какой участок? Если от ЗРУ до Реакторов дугогасящих, то нет документов, если на подстанцию ГТГ 3103 то тоже нет документов. | R13: RFI 1613 добавлен из сводной
A14: — | B14: Токопровод 10 кВ закрытый 100 А, 50 кА, с ОПН 10 кВ | C14: Jiangsu Shilin | D14: компл. | E14: 2 | G14: 0 | I14: 1332, 1613 | J14: - | K14: - | L14: =IF(F14="",IF(J14="-","Нет зав. №, нет АоРПИ","Нет зав. №"),IF(G14<E14,"Зав. № не все ("&G14&" из "&E14&")",IF(J14="-","Зав. № есть, АоРПИ нет",IF(K14="Подписан","ОК: зав. № + АоРПИ подписан","Зав. № есть, АоРПИ не подписан")))) | O14: CHENGDA-MU-IC-1332 / CHENGDA-MU-IC-1613 | P14: нет, акт рабочий лист | Q14: Не понятно какой участок? Если от ЗРУ до Реакторов дугогасящих, то нет документов, если на подстанцию ГТГ 3103 то тоже нет документов. | R14: RFI 1332 добавлен из сводной; RFI 1613 добавлен из сводной
A15: — | B15: Шкаф управления системой охлаждения трансформатора, IP54 | C15: ШУ-Д-2-380-16-4/2,5 | D15: компл. | E15: 2 | G15: 0 | I15: - | J15: - | K15: - | L15: =IF(F15="",IF(J15="-","Нет зав. №, нет АоРПИ","Нет зав. №"),IF(G15<E15,"Зав. № не все ("&G15&" из "&E15&")",IF(J15="-","Зав. № есть, АоРПИ нет",IF(K15="Подписан","ОК: зав. № + АоРПИ подписан","Зав. № есть, АоРПИ не подписан")))) | M15: Вероятно в комплекте ТРДН — проверить паспорт E19006-PO-061-TP-0001 | O15: нет | P15: нет | R15: Совпадает
D16: Итого | E16: =SUM(E6:E15) | G16: =SUM(G6:G15)

Sheet 3120 ЭС2
A1: Титул 3120, раздел ЭС2 — оборудование (раздел «Оборудование» спецификации), заводские номера и АоРПИ
A2: СО: E19006-CXPP-3120-ЭС2.СО-001, ревизия 4А (.xlsx)
A3: Зав. № и АоРПИ собраны из папок Nextcloud: 2.Incoming control (1.Closed — подписан, 2.Open — не подписан), 1.RFI/CHENGDA, _Текст для поиска. «-» в столбце АоРПИ — акта в папке ВК нет.
A5: Поз. / тег | B5: Наименование (по СО) | C5: Тип, марка | D5: Ед. | E5: Кол-во по СО | F5: Заводской № (пусто — не найден) | G5: Найдено зав. №, шт | H5: Источник зав. № | I5: RFI | J5: АоРПИ (- если нет) | K5: Статус АоРПИ | L5: Итог | M5: Примечание | N5: Паспорт (TP) | O5: RFI по сводной 17.08.2026 | P5: АоРПИ по сводной 17.08.2026 | Q5: Замечание из сводной 17.08.2026 | R5: Сверка со сводной 17.08.2026
A6: 1.1 яч. 101 Резерв | B6: Ячейка КРУ-10 кВ (в составе КРУ 22 ячейки, VS1-EZ-12, Бреслер-0107) | C6: КРУ-ЭЗ-10-40 (Энергозащита) | D6: шт | E6: 1 | F6: 15007069 | G6: 1 | H6: АоРПИ 720 | I6: 1448 | J6: 720-3120-ЭС2-ВК-ЧНД | K6: Подписан | L6: =IF(F6="",IF(J6="-","Нет зав. №, нет АоРПИ","Нет зав. №"),IF(G6<E6,"Зав. № не все ("&G6&" из "&E6&")",IF(J6="-","Зав. № есть, АоРПИ нет",IF(K6="Подписан","ОК: зав. № + АоРПИ подписан","Зав. № есть, АоРПИ не подписан")))) | O6: CHENGDA-MU-IC-1448 | P6: 720-3120-ЭС2-ВК-ЧНД | R6: Совпадает
A7: 1.1 яч. 102 ОЛ резерв | B7: Ячейка КРУ-10 кВ (в составе КРУ 22 ячейки, VS1-EZ-12, Бреслер-0107) | C7: КРУ-ЭЗ-10-40 (Энергозащита) | D7: шт | E7: 1 | F7: 15007081 | G7: 1 | H7: АоРПИ 720 | I7: 1448 | J7: 720-3120-ЭС2-ВК-ЧНД | K7: Подписан | L7: =IF(F7="",IF(J7="-","Нет зав. №, нет АоРПИ","Нет зав. №"),IF(G7<E7,"Зав. № не все ("&G7&" из "&E7&")",IF(J7="-","Зав. № есть, АоРПИ нет",IF(K7="Подписан","ОК: зав. № + АоРПИ подписан","Зав. № есть, АоРПИ не подписан")))) | O7: CHENGDA-MU-IC-1448 | P7: 720-3120-ЭС2-ВК-ЧНД | R7: Совпадает
A8: 1.1 яч. 103 ОЛ ТСН1 | B8: Ячейка КРУ-10 кВ (в составе КРУ 22 ячейки, VS1-EZ-12, Бреслер-0107) | C8: КРУ-ЭЗ-10-40 (Энергозащита) | D8: шт | E8: 1 | F8: 15007083 | G8: 1 | H8: АоРПИ 720 | I8: 1448 | J8: 720-3120-ЭС2-ВК-ЧНД | K8: Подписан | L8: =IF(F8="",IF(J8="-","Нет зав. №, нет АоРПИ","Нет зав. №"),IF(G8<E8,"Зав. № не все ("&G8&" из "&E8&")",IF(J8="-","Зав. № есть, АоРПИ нет",IF(K8="Подписан","ОК: зав. № + АоРПИ подписан","Зав. № есть, АоРПИ не подписан")))) | O8: CHENGDA-MU-IC-1448 | P8: 720-3120-ЭС2-ВК-ЧНД | R8: Совпадает
A9: 1.1 яч. 104 ТН1 | B9: Ячейка КРУ-10 кВ (в составе КРУ 22 ячейки, VS1-EZ-12, Бреслер-0107) | C9: КРУ-ЭЗ-10-40 (Энергозащита) | D9: шт | E9: 1 | F9: 15007075 | G9: 1 | H9: АоРПИ 720 | I9: 1448 | J9: 720-3120-ЭС2-ВК-ЧНД | K9: Подписан | L9: =IF(F9="",IF(J9="-","Нет зав. №, нет АоРПИ","Нет зав. №"),IF(G9<E9,"Зав. № не все ("&G9&" из "&E9&")",IF(J9="-","Зав. № есть, АоРПИ нет",IF(K9="Подписан","ОК: зав. № + АоРПИ подписан","Зав. № есть, АоРПИ не подписан")))) | O9: CHENGDA-MU-IC-1448 | P9: 720-3120-ЭС2-ВК-ЧНД | R9: Совпадает
A10: 1.1 яч. 105 Ввод 1 | B10: Ячейка КРУ-10 кВ (в составе КРУ 22 ячейки, VS1-EZ-12, Бреслер-0107) | C10: КРУ-ЭЗ-10-40 (Энергозащита) | D10: шт | E10: 1 | F10: 15007063 | G10: 1 | H10: АоРПИ 720 | I10: 1448 | J10: 720-3120-ЭС2-ВК-ЧНД | K10: Подписан | L10: =IF(F10="",IF(J10="-","Нет зав. №, нет АоРПИ","Нет зав. №"),IF(G10<E10,"Зав. № не все ("&G10&" из "&E10&")",IF(J10="-","Зав. № есть, АоРПИ нет",IF(K10="Подписан","ОК: зав. № + АоРПИ подписан","Зав. № есть, АоРПИ не подписан")))) | O10: CHENGDA-MU-IC-1448 | P10: 720-3120-ЭС2-ВК-ЧНД | R10: Совпадает
A11: 1.1 яч. 106 СВ1-3 | B11: Ячейка КРУ-10 кВ (в составе КРУ 22 ячейки, VS1-EZ-12, Бреслер-0107) | C11: КРУ-ЭЗ-10-40 (Энергозащита) | D11: шт | E11: 1 | F11: 15007071 | G11: 1 | H11: АоРПИ 720 | I11: 1448 | J11: 720-3120-ЭС2-ВК-ЧНД | K11: Подписан | L11: =IF(F11="",IF(J11="-","Нет зав. №, нет АоРПИ","Нет зав. №"),IF(G11<E11,"Зав. № не все ("&G11&" из "&E11&")",IF(J11="-","Зав. № есть, АоРПИ нет",IF(K11="Подписан","ОК: зав. № + АоРПИ подписан","Зав. № есть, АоРПИ не подписан")))) | O11: CHENGDA-MU-IC-1448 | P11: 720-3120-ЭС2-ВК-ЧНД | R11: Совпадает
A12: 1.1 яч. 201 СВ2-4 | B12: Ячейка КРУ-10 кВ (в составе КРУ 22 ячейки, VS1-EZ-12, Бреслер-0107) | C12: КРУ-ЭЗ-10-40 (Энергозащита) | D12: шт | E12: 1 | F12: 15007072 | G12: 1 | H12: АоРПИ 720 | I12: 1448 | J12: 720-3120-ЭС2-ВК-ЧНД | K12: Подписан | L12: =IF(F12="",IF(J12="-","Нет зав. №, нет АоРПИ","Нет зав. №"),IF(G12<E12,"Зав. № не все ("&G12&" из "&E12&")",IF(J12="-","Зав. № есть, АоРПИ нет",IF(K12="Подписан","ОК: зав. № + АоРПИ подписан","Зав. № есть, АоРПИ не подписан")))) | O12: CHENGDA-MU-IC-1448 | P12: 720-3120-ЭС2-ВК-ЧНД | R12: Совпадает
A13: 1.1 яч. 202 ТН2 | B13: Ячейка КРУ-10 кВ (в составе КРУ 22 ячейки, VS1-EZ-12, Бреслер-0107) | C13: КРУ-ЭЗ-10-40 (Энергозащита) | D13: шт | E13: 1 | F13: 15007076 | G13: 1 | H13: АоРПИ 720 | I13: 1448 | J13: 720-3120-ЭС2-ВК-ЧНД | K13: Подписан | L13: =IF(F13="",IF(J13="-","Нет зав. №, нет АоРПИ","Нет зав. №"),IF(G13<E13,"Зав. № не все ("&G13&" из "&E13&")",IF(J13="-","Зав. № есть, АоРПИ нет",IF(K13="Подписан","ОК: зав. № + АоРПИ подписан","Зав. № есть, АоРПИ не подписан")))) | O13: CHENGDA-MU-IC-1448 | P13: 720-3120-ЭС2-ВК-ЧНД | R13: Совпадает
A14: 1.1 яч. 203 Ввод 2 | B14: Ячейка КРУ-10 кВ (в составе КРУ 22 ячейки, VS1-EZ-12, Бреслер-0107) | C14: КРУ-ЭЗ-10-40 (Энергозащита) | D14: шт | E14: 1 | F14: 15007064 | G14: 1 | H14: АоРПИ 720 | I14: 1448 | J14: 720-3120-ЭС2-ВК-ЧНД | K14: Подписан | L14: =IF(F14="",IF(J14="-","Нет зав. №, нет АоРПИ","Нет зав. №"),IF(G14<E14,"Зав. № не все ("&G14&" из "&E14&")",IF(J14="-","Зав. № есть, АоРПИ нет",IF(K14="Подписан","ОК: зав. № + АоРПИ подписан","Зав. № есть, АоРПИ не подписан")))) | O14: CHENGDA-MU-IC-1448 | P14: 720-3120-ЭС2-ВК-ЧНД | R14: Совпадает
A15: 1.1 яч. 204 ОЛ ГТУ ф.1 | B15: Ячейка КРУ-10 кВ (в составе КРУ 22 ячейки, VS1-EZ-12, Бреслер-0107) | C15: КРУ-ЭЗ-10-40 (Энергозащита) | D15: шт | E15: 1 | F15: 15007067 | G15: 1 | H15: АоРПИ 720 | I15: 1448 | J15: 720-3120-ЭС2-ВК-ЧНД | K15: Подписан | L15: =IF(F15="",IF(J15="-","Нет зав. №, нет АоРПИ","Нет зав. №"),IF(G15<E15,"Зав. № не все ("&G15&" из "&E15&")",IF(J15="-","Зав. № есть, АоРПИ нет",IF(K15="Подписан","ОК: зав. № + АоРПИ подписан","Зав. № есть, АоРПИ не подписан")))) | O15: CHENGDA-MU-IC-1448 | P15: 720-3120-ЭС2-ВК-ЧНД | R15: Совпадает
A16: 1.1 яч. 205 ОЛ ДГР-1 | B16: Ячейка КРУ-10 кВ (в составе КРУ 22 ячейки, VS1-EZ-12, Бреслер-0107) | C16: КРУ-ЭЗ-10-40 (Энергозащита) | D16: шт | E16: 1 | F16: 15007079 | G16: 1 | H16: АоРПИ 720 | I16: 1448 | J16: 720-3120-ЭС2-ВК-ЧНД | K16: Подписан | L16: =IF(F16="",IF(J16="-","Нет зав. №, нет АоРПИ","Нет зав. №"),IF(G16<E16,"Зав. № не все ("&G16&" из "&E16&")",IF(J16="-","Зав. № есть, АоРПИ нет",IF(K16="Подписан","ОК: зав. № + АоРПИ подписан","Зав. № есть, АоРПИ не подписан")))) | O16: CHENGDA-MU-IC-1448 | P16: 720-3120-ЭС2-ВК-ЧНД | R16: Совпадает
A17: 1.1 яч. 301 СР1-3 | B17: Ячейка КРУ-10 кВ (в составе КРУ 22 ячейки, VS1-EZ-12, Бреслер-0107) | C17: КРУ-ЭЗ-10-40 (Энергозащита) | D17: шт | E17: 1 | F17: 15007073 | G17: 1 | H17: АоРПИ 720 | I17: 1448 | J17: 720-3120-ЭС2-ВК-ЧНД | K17: Подписан | L17: =IF(F17="",IF(J17="-","Нет зав. №, нет АоРПИ","Нет зав. №"),IF(G17<E17,"Зав. № не все ("&G17&" из "&E17&")",IF(J17="-","Зав. № есть, АоРПИ нет",IF(K17="Подписан","ОК: зав. № + АоРПИ подписан","Зав. № есть, АоРПИ не подписан")))) | O17: CHENGDA-MU-IC-1448 | P17: 720-3120-ЭС2-ВК-ЧНД | R17: Совпадает
... A27: 1.1 яч. 405 СР2-4 | B27: Ячейка КРУ-10 кВ (в составе КРУ 22 ячейки, VS1-EZ-12, Бреслер-0107) | C27: КРУ-ЭЗ-10-40 (Энергозащита) | D27: шт | E27: 1 | F27: 15007074 | G27: 1 | H27: АоРПИ 720 | I27: 1448 | J27: 720-3120-ЭС2-ВК-ЧНД | K27: Подписан | L27: =IF(F27="",IF(J27="-","Нет зав. №, нет АоРПИ","Нет зав. №"),IF(G27<E27,"Зав. № не все ("&G27&" из "&E27&")",IF(J27="-","Зав. № есть, АоРПИ нет",IF(K27="Подписан","ОК: зав. № + АоРПИ подписан","Зав. № есть, АоРПИ не подписан")))) | O27: CHENGDA-MU-IC-1448 | P27: 720-3120-ЭС2-ВК-ЧНД | R27: Совпадает
A28: 1.2 ШМ-ГТУ-1,2; ШМ-ДГР-2,4; ШМ-Т-1-1,2; ШМ-Т-2-3,4 | B28: Шинный мост вводной 10 кВ, 2000 А | C28: ВШМ-10-40 (Энергозащита) | D28: шт | E28: 8 | F28: 15007087 (ГТУ ф.1); 15007088 (ГТУ ф.2); 15007089 (Ввод 1); 15007091 (Ввод 2); 15007090 (Ввод 3); 15007092 (Ввод 4); 15007093 (яч.205); 15007094 (яч.401) | G28: 8 | H28: АоРПИ 720 | I28: 1448 | J28: 720-3120-ЭС2-ВК-ЧНД | K28: Подписан | L28: =IF(F28="",IF(J28="-","Нет зав. №, нет АоРПИ","Нет зав. №"),IF(G28<E28,"Зав. № не все ("&G28&" из "&E28&")",IF(J28="-","Зав. № есть, АоРПИ нет",IF(K28="Подписан","ОК: зав. № + АоРПИ подписан","Зав. № есть, АоРПИ не подписан")))) | M28: Мосты к яч. 205/401 по АоРПИ — ВШМ-10-40/1250 | O28: CHENGDA-MU-IC-1448 | P28: 720-3120-ЭС2-ВК-ЧНД | R28: Совпадает
A29: 1.3 ШМ-С-1, ШМ-С-2 | B29: Шинный мост секционный 10 кВ, 2000 А | C29: ВШМ-10-40/2000-23 УЗ | D29: шт | E29: 2 | F29: 15007095 (СВ 1-3); 15007096 (СВ 2-4) | G29: 2 | H29: АоРПИ 720 | I29: 1448 | J29: 720-3120-ЭС2-ВК-ЧНД | K29: Подписан | L29: =IF(F29="",IF(J29="-","Нет зав. №, нет АоРПИ","Нет зав. №"),IF(G29<E29,"Зав. № не все ("&G29&" из "&E29&")",IF(J29="-","Зав. № есть, АоРПИ нет",IF(K29="Подписан","ОК: зав. № + АоРПИ подписан","Зав. № есть, АоРПИ не подписан")))) | O29: CHENGDA-MU-IC-1448 | P29: 720-3120-ЭС2-ВК-ЧНД | R29: Совпадает
A30: 1.4 | B30: Дугогасящий реактор 500 кВА, 11/√3 кВ | C30: РДМР-500/10 У1 | D30: шт | E30: 2 | F30: 975; 976 | G30: 2 | H30: АоРПИ 651 / RFI 1380 | I30: 1380 | J30: 651-3120-ЭС2-ВК-ЧНД | K30: Подписан | L30: =IF(F30="",IF(J30="-","Нет зав. №, нет АоРПИ","Нет зав. №"),IF(G30<E30,"Зав. № не все ("&G30&" из "&E30&")",IF(J30="-","Зав. № есть, АоРПИ нет",IF(K30="Подписан","ОК: зав. № + АоРПИ подписан","Зав. № есть, АоРПИ не подписан")))) | O30: CHENGDA-MU-IC-1380 | P30: 651-3120-ЭС2-ВК-ЧНД | R30: Совпадает
A31: 1.5 | B31: Разъединитель однополюсный 35 кВ, 1000 А | C31: РГ-35II/1000-20УХЛ1 | D31: шт | E31: 2 | F31: 5; 6 | G31: 2 | H31: АоРПИ 651 / RFI 1380 | I31: 1380 | J31: 651-3120-ЭС2-ВК-ЧНД | K31: Подписан | L31: =IF(F31="",IF(J31="-","Нет зав. №, нет АоРПИ","Нет зав. №"),IF(G31<E31,"Зав. № не все ("&G31&" из "&E31&")",IF(J31="-","Зав. № есть, АоРПИ нет",IF(K31="Подписан","ОК: зав. № + АоРПИ подписан","Зав. № есть, АоРПИ не подписан")))) | M31: Включён в АоРПИ 651 (PO-155, RFI 1380) | O31: CHENGDA-MU-IC-1380 | P31: 651-3120-ЭС2-ВК-ЧНД | R31: Совпадает
A32: 1.6 | B32: Фильтр заземляющий 500 кВА, 11/√3 кВ (по TQ заменён на трансформатор ТМГ21-630/10-УХЛ1) | C32: ТМГ21-630/10-УХЛ1 | D32: шт | E32: 2 | F32: 2152742; 2152756 | G32: 2 | H32: АоРПИ 651 / RFI 1380 | I32: 1380 | J32: 651-3120-ЭС2-ВК-ЧНД | K32: Подписан | L32: =IF(F32="",IF(J32="-","Нет зав. №, нет АоРПИ","Нет зав. №"),IF(G32<E32,"Зав. № не все ("&G32&" из "&E32&")",IF(J32="-","Зав. № есть, АоРПИ нет",IF(K32="Подписан","ОК: зав. № + АоРПИ подписан","Зав. № есть, АоРПИ не подписан")))) | M32: По TQ фильтры заменены на трансформаторы ТМГ21-630/10-УХЛ1; в АоРПИ 651 — зав. № 2152742, 2152756 (PO-155, RFI 1380) | O32: CHENGDA-MU-IC-1380 | P32: 651-3120-ЭС2-ВК-ЧНД | R32: Совпадает
D33: Итого | E33: =SUM(E6:E32) | G33: =SUM(G6:G32)

Sheet 3120 ЭС3
A1: Титул 3120, раздел ЭС3 — оборудование (раздел «Оборудование» спецификации), заводские номера и АоРПИ
A2: СО: E19006-CXPP-3120-ЭС3.СО-001, ревизия 4В (папка «Последняя версия 2026-4-4», .xlsx)
A3: Зав. № и АоРПИ собраны из папок Nextcloud: 2.Incoming control (1.Closed — подписан, 2.Open — не подписан), 1.RFI/CHENGDA, _Текст для поиска. «-» в столбце АоРПИ — акта в папке ВК нет.
A5: Поз. / тег | B5: Наименование (по СО) | C5: Тип, марка | D5: Ед. | E5: Кол-во по СО | F5: Заводской № (пусто — не найден) | G5: Найдено зав. №, шт | H5: Источник зав. № | I5: RFI | J5: АоРПИ (- если нет) | K5: Статус АоРПИ | L5: Итог | M5: Примечание | N5: Паспорт (TP) | O5: RFI по сводной 17.08.2026 | P5: АоРПИ по сводной 17.08.2026 | Q5: Замечание из сводной 17.08.2026 | R5: Сверка со сводной 17.08.2026
A6: 1.1 КРУ1, КРУ2 | B6: Ячейка КРУ 10 кВ, 630 А, 40 кА (в помещении ЩСН) | C6: КРУ-ЭЗ-10-40 (Энергозащита) | D6: компл. | E6: 2 | F6: 15007085; 15007086 | G6: 2 | H6: АоРПИ 880 | I6: 1448 | J6: 880-3120-ЭС3-ВК-ЧНД | K6: Не подписан | L6: =IF(F6="",IF(J6="-","Нет зав. №, нет АоРПИ","Нет зав. №"),IF(G6<E6,"Зав. № не все ("&G6&" из "&E6&")",IF(J6="-","Зав. № есть, АоРПИ нет",IF(K6="Подписан","ОК: зав. № + АоРПИ подписан","Зав. № есть, АоРПИ не подписан")))) | M6: В АоРПИ 880 второй номер записан как «150086» — вероятно 15007086, исправить | O6: CHENGDA-MU-IC-1448 | P6: 880-3120-ЭС3-ВК-ЧНД | R6: Совпадает
A7: 1.2 ТСН1, ТСН2 | B7: Трансформатор собственных нужд сухой 400 кВА, 10/0,4 кВ | C7: ТЛСЗ-400/10 УХЛ2 (СЗТТ) | D7: компл. | E7: 2 | F7: 5842; 5843 | G7: 2 | H7: АоРПИ 805 | I7: 1379 | J7: 805-3120-ЭС3-ВК-ЧНД | K7: Подписан | L7: =IF(F7="",IF(J7="-","Нет зав. №, нет АоРПИ","Нет зав. №"),IF(G7<E7,"Зав. № не все ("&G7&" из "&E7&")",IF(J7="-","Зав. № есть, АоРПИ нет",IF(K7="Подписан","ОК: зав. № + АоРПИ подписан","Зав. № есть, АоРПИ не подписан")))) | O7: CHENGDA-MU-IC-1379 | P7: 805-3120-ЭС3-ВК-ЧНД подписан | R7: Совпадает
A8: ЩСН | B8: Щит собственных нужд переменного тока 0,4 кВ, двухсекционный | C8: ЧЭТА | D8: компл. | E8: 1 | F8: 297-25 | G8: 1 | H8: АоРПИ 806 | I8: 1560-2, 1560 | J8: 806-3120-ЭС3-ВК-ЧНД | K8: Подписан | L8: =IF(F8="",IF(J8="-","Нет зав. №, нет АоРПИ","Нет зав. №"),IF(G8<E8,"Зав. № не все ("&G8&" из "&E8&")",IF(J8="-","Зав. № есть, АоРПИ нет",IF(K8="Подписан","ОК: зав. № + АоРПИ подписан","Зав. № есть, АоРПИ не подписан")))) | M8: В отклонённом RFI 1560-1 упаковочные листы на щит № 189-25 — уточнить | O8: CHENGDA-MU-IC-1560 | P8: 806-3120-ЭС3-ВК-ЧНД подписан | R8: RFI 1560 добавлен из сводной
A9: 1.3 ЩПТ | B9: Щит системы оперативного постоянного тока, двухсекционный | C9: ВОЛЬТАГ | D9: компл. | E9: 1 | F9: 25002 (ЩПТ №1); 25003 (ЩПТ №2) | G9: 2 | H9: RFI 1403 (паспорта) | I9: 1403 | J9: 816-3120-ЭС3-ВК-ЧНД | K9: Не подписан | L9: =IF(F9="",IF(J9="-","Нет зав. №, нет АоРПИ","Нет зав. №"),IF(G9<E9,"Зав. № не все ("&G9&" из "&E9&")",IF(J9="-","Зав. № есть, АоРПИ нет",IF(K9="Подписан","ОК: зав. № + АоРПИ подписан","Зав. № есть, АоРПИ не подписан")))) | M9: В АоРПИ 816 указан только «ЩПТ №2, зав. № 25002» — по паспортам №2 = 25003. ПНЗП-М: 24220, 24221 | O9: CHENGDA-MU-IC-1403 | P9: 816-3120-ЭС3-ВК-ЧНД | R9: Совпадает
A10: 1.4 | B10: Стеллаж аккумуляторный двухъярусный | C10: ACM1-2 (ВОЛЬТАГ) | D10: компл. | E10: 4 | G10: 0 | I10: 1403 | J10: 816-3120-ЭС3-ВК-ЧНД | K10: Не подписан | L10: =IF(F10="",IF(J10="-","Нет зав. №, нет АоРПИ","Нет зав. №"),IF(G10<E10,"Зав. № не все ("&G10&" из "&E10&")",IF(J10="-","Зав. № есть, АоРПИ нет",IF(K10="Подписан","ОК: зав. № + АоРПИ подписан","Зав. № есть, АоРПИ не подписан")))) | O10: CHENGDA-MU-IC-1403 | P10: 816-3120-ЭС3-ВК-ЧНД | R10: Совпадает
A11: 1.5 АБ1, АБ2 | B11: АКБ свинцово-кислотная 490 Ач, 104 эл. по 2 В | C11: OPzS 490 (ВОЛЬТАГ) | D11: компл. | E11: 2 | G11: 0 | I11: 1403 | J11: 816-3120-ЭС3-ВК-ЧНД | K11: Не подписан | L11: =IF(F11="",IF(J11="-","Нет зав. №, нет АоРПИ","Нет зав. №"),IF(G11<E11,"Зав. № не все ("&G11&" из "&E11&")",IF(J11="-","Зав. № есть, АоРПИ нет",IF(K11="Подписан","ОК: зав. № + АоРПИ подписан","Зав. № есть, АоРПИ не подписан")))) | M11: Зав. № батарей не найдены | O11: CHENGDA-MU-IC-1403 | P11: 816-3120-ЭС3-ВК-ЧНД | R11: Совпадает
A12: 1.6 (03L1201) | B12: Кран мостовой однобалочный подвесной двухпролётный 10 т | C12: FHU10-15-9 A3 | D12: компл. | E12: 1 | G12: 0 | I12: 1292-1, 1292 | J12: 526-3121-КЭ-ЧНД | K12: Не подписан | L12: =IF(F12="",IF(J12="-","Нет зав. №, нет АоРПИ","Нет зав. №"),IF(G12<E12,"Зав. № не все ("&G12&" из "&E12&")",IF(J12="-","Зав. № есть, АоРПИ нет",IF(K12="Подписан","ОК: зав. № + АоРПИ подписан","Зав. № есть, АоРПИ не подписан")))) | M12: В RFI/АоРПИ только индекс крана и тег 03L1201, зав. № нет | O12: CHENGDA-MU-IC-1292 | Q12: Документы отклонены. | R12: RFI 1292 добавлен из сводной; в сводной АоРПИ не указан, а в папке ВК есть: 526-3121-КЭ
A13: 1.7 | B13: Шкаф управления краном 400 В, 600х900х220 | C13: FEC22058-06 | D13: компл. | E13: 1 | G13: 0 | I13: 1292-1, 1292 | J13: 526-3121-КЭ-ЧНД | K13: Не подписан | L13: =IF(F13="",IF(J13="-","Нет зав. №, нет АоРПИ","Нет зав. №"),IF(G13<E13,"Зав. № не все ("&G13&" из "&E13&")",IF(J13="-","Зав. № есть, АоРПИ нет",IF(K13="Подписан","ОК: зав. № + АоРПИ подписан","Зав. № есть, АоРПИ не подписан")))) | O13: CHENGDA-MU-IC-1292 | Q13: Документов нет. | R13: RFI 1292 добавлен из сводной; в сводной АоРПИ не указан, а в папке ВК есть: 526-3121-КЭ
A14: 1.8 DCW1.1N, DCW1.2N | B14: Ящик с рубильником и штепсельным разъёмом, IP54 | C14: ЯВЗШ-31-100 УХЛ1 | D14: компл. | E14: 2 | G14: 0 | I14: 1541 | J14: - | K14: - | L14: =IF(F14="",IF(J14="-","Нет зав. №, нет АоРПИ","Нет зав. №"),IF(G14<E14,"Зав. № не все ("&G14&" из "&E14&")",IF(J14="-","Зав. № есть, АоРПИ нет",IF(K14="Подписан","ОК: зав. № + АоРПИ подписан","Зав. № есть, АоРПИ не подписан")))) | O14: CHENGDA-MU-IC-1541 | Q14: Документов нет, есть серьезные замечания к шкафам. | R14: RFI 1541 добавлен из сводной
A15: 1.9 DCW2.1N…DCW3.2N | B15: Ящик с рубильником и штепсельным разъёмом, IP31 | C15: ЯВЗШ-31-100 УХЛ4 | D15: компл. | E15: 6 | G15: 0 | I15: 1541 | J15: - | K15: - | L15: =IF(F15="",IF(J15="-","Нет зав. №, нет АоРПИ","Нет зав. №"),IF(G15<E15,"Зав. № не все ("&G15&" из "&E15&")",IF(J15="-","Зав. № есть, АоРПИ нет",IF(K15="Подписан","ОК: зав. № + АоРПИ подписан","Зав. № есть, АоРПИ не подписан")))) | O15: CHENGDA-MU-IC-1541 | Q15: Документов нет, есть серьезные замечания к шкафам. | R15: RFI 1541 добавлен из сводной
A16: 1.10 DC2.1-2.2N | B16: Вторичная силовая сборка DC2.1-2.2N | D16: компл. | E16: 1 | G16: 0 | I16: 1671 | J16: - | K16: - | L16: =IF(F16="",IF(J16="-","Нет зав. №, нет АоРПИ","Нет зав. №"),IF(G16<E16,"Зав. № не все ("&G16&" из "&E16&")",IF(J16="-","Зав. № есть, АоРПИ нет",IF(K16="Подписан","ОК: зав. № + АоРПИ подписан","Зав. № есть, АоРПИ не подписан")))) | O16: CHENGDA-MU-IC-1671 | R16: RFI 1671 добавлен из сводной
A17: 1.11 DC2.3N | B17: Вторичная силовая сборка DC2.3N | D17: компл. | E17: 1 | G17: 0 | I17: 1671 | J17: - | K17: - | L17: =IF(F17="",IF(J17="-","Нет зав. №, нет АоРПИ","Нет зав. №"),IF(G17<E17,"Зав. № не все ("&G17&" из "&E17&")",IF(J17="-","Зав. № есть, АоРПИ нет",IF(K17="Подписан","ОК: зав. № + АоРПИ подписан","Зав. № есть, АоРПИ не подписан")))) | O17: CHENGDA-MU-IC-1671 | R17: RFI 1671 добавлен из сводной
A18: 1.12 DC2.5N | B18: Вторичная силовая сборка отопления DC2.5N | D18: компл. | E18: 1 | G18: 0 | I18: 1671 | J18: - | K18: - | L18: =IF(F18="",IF(J18="-","Нет зав. №, нет АоРПИ","Нет зав. №"),IF(G18<E18,"Зав. № не все ("&G18&" из "&E18&")",IF(J18="-","Зав. № есть, АоРПИ нет",IF(K18="Подписан","ОК: зав. № + АоРПИ подписан","Зав. № есть, АоРПИ не подписан")))) | O18: CHENGDA-MU-IC-1671 | R18: RFI 1671 добавлен из сводной
A19: 1.13 DC2.6N | B19: Вторичная силовая сборка отопления DC2.6N | D19: компл. | E19: 1 | G19: 0 | I19: 1671 | J19: - | K19: - | L19: =IF(F19="",IF(J19="-","Нет зав. №, нет АоРПИ","Нет зав. №"),IF(G19<E19,"Зав. № не все ("&G19&" из "&E19&")",IF(J19="-","Зав. № есть, АоРПИ нет",IF(K19="Подписан","ОК: зав. № + АоРПИ подписан","Зав. № есть, АоРПИ не подписан")))) | O19: CHENGDA-MU-IC-1671 | R19: RFI 1671 добавлен из сводной
A20: 1.14 DC2.7N | B20: Вторичная силовая сборка кондиционирования DC2.7N | D20: компл. | E20: 1 | G20: 0 | I20: 1671 | J20: - | K20: - | L20: =IF(F20="",IF(J20="-","Нет зав. №, нет АоРПИ","Нет зав. №"),IF(G20<E20,"Зав. № не все ("&G20&" из "&E20&")",IF(J20="-","Зав. № есть, АоРПИ нет",IF(K20="Подписан","ОК: зав. № + АоРПИ подписан","Зав. № есть, АоРПИ не подписан")))) | O20: CHENGDA-MU-IC-1671 | R20: RFI 1671 добавлен из сводной
A21: 1.15 DC2.8N | B21: Вторичная силовая сборка вентиляции DC2.8N | D21: компл. | E21: 1 | G21: 0 | I21: 1671 | J21: - | K21: - | L21: =IF(F21="",IF(J21="-","Нет зав. №, нет АоРПИ","Нет зав. №"),IF(G21<E21,"Зав. № не все ("&G21&" из "&E21&")",IF(J21="-","Зав. № есть, АоРПИ нет",IF(K21="Подписан","ОК: зав. № + АоРПИ подписан","Зав. № есть, АоРПИ не подписан")))) | O21: CHENGDA-MU-IC-1671 | R21: RFI 1671 добавлен из сводной
A22: 1.16 DC2.9N | B22: Вторичная силовая сборка вентиляции DC2.9N | D22: компл. | E22: 1 | G22: 0 | I22: 1671 | J22: - | K22: - | L22: =IF(F22="",IF(J22="-","Нет зав. №, нет АоРПИ","Нет зав. №"),IF(G22<E22,"Зав. № не все ("&G22&" из "&E22&")",IF(J22="-","Зав. № есть, АоРПИ нет",IF(K22="Подписан","ОК: зав. № + АоРПИ подписан","Зав. № есть, АоРПИ не подписан")))) | O22: CHENGDA-MU-IC-1671 | R22: RFI 1671 добавлен из сводной
A23: 1.17 DC2.10N | B23: Вторичная силовая сборка вентиляции DC2.10N | D23: компл. | E23: 1 | G23: 0 | I23: 1671 | J23: - | K23: - | L23: =IF(F23="",IF(J23="-","Нет зав. №, нет АоРПИ","Нет зав. №"),IF(G23<E23,"Зав. № не все ("&G23&" из "&E23&")",IF(J23="-","Зав. № есть, АоРПИ нет",IF(K23="Подписан","ОК: зав. № + АоРПИ подписан","Зав. № есть, АоРПИ не подписан")))) | O23: CHENGDA-MU-IC-1671 | R23: RFI 1671 добавлен из сводной
A24: 1.18 DC2.11N | B24: Вторичная силовая сборка вентиляции DC2.11N | D24: компл. | E24: 1 | G24: 0 | I24: 1671 | J24: - | K24: - | L24: =IF(F24="",IF(J24="-","Нет зав. №, нет АоРПИ","Нет зав. №"),IF(G24<E24,"Зав. № не все ("&G24&" из "&E24&")",IF(J24="-","Зав. № есть, АоРПИ нет",IF(K24="Подписан","ОК: зав. № + АоРПИ подписан","Зав. № есть, АоРПИ не подписан")))) | O24: CHENGDA-MU-IC-1671 | R24: RFI 1671 добавлен из сводной
A25: 1.19 DC2.12N | B25: Вторичная силовая сборка вентиляции DC2.12N | D25: компл. | E25: 1 | G25: 0 | I25: 1671 | J25: - | K25: - | L25: =IF(F25="",IF(J25="-","Нет зав. №, нет АоРПИ","Нет зав. №"),IF(G25<E25,"Зав. № не все ("&G25&" из "&E25&")",IF(J25="-","Зав. № есть, АоРПИ нет",IF(K25="Подписан","ОК: зав. № + АоРПИ подписан","Зав. № есть, АоРПИ не подписан")))) | O25: CHENGDA-MU-IC-1671 | R25: RFI 1671 добавлен из сводной
A26: 1.20 DC2.13N | B26: Вторичная силовая сборка вентиляции DC2.13N | D26: компл. | E26: 1 | G26: 0 | I26: 1671 | J26: - | K26: - | L26: =IF(F26="",IF(J26="-","Нет зав. №, нет АоРПИ","Нет зав. №"),IF(G26<E26,"Зав. № не все ("&G26&" из "&E26&")",IF(J26="-","Зав. № есть, АоРПИ нет",IF(K26="Подписан","ОК: зав. № + АоРПИ подписан","Зав. № есть, АоРПИ не подписан")))) | O26: CHENGDA-MU-IC-1671 | R26: RFI 1671 добавлен из сводной
A27: 1.21 DC3.1N | B27: Вторичная силовая сборка DC3.1N (устан. в ЗРУ-10 кВ тит. 3123) | D27: компл. | E27: 1 | G27: 0 | I27: 1671 | J27: - | K27: - | L27: =IF(F27="",IF(J27="-","Нет зав. №, нет АоРПИ","Нет зав. №"),IF(G27<E27,"Зав. № не все ("&G27&" из "&E27&")",IF(J27="-","Зав. № есть, АоРПИ нет",IF(K27="Подписан","ОК: зав. № + АоРПИ подписан","Зав. № есть, АоРПИ не подписан")))) | O27: CHENGDA-MU-IC-1671 | R27: RFI 1671 добавлен из сводной
... A29: 1.23 DCM3.1N | B29: Панель противопожарных устройств (ППУ), в ЗРУ-10 кВ тит. 3123 | D29: компл. | E29: 1 | G29: 0 | I29: 1671 | J29: - | K29: - | L29: =IF(F29="",IF(J29="-","Нет зав. №, нет АоРПИ","Нет зав. №"),IF(G29<E29,"Зав. № не все ("&G29&" из "&E29&")",IF(J29="-","Зав. № есть, АоРПИ нет",IF(K29="Подписан","ОК: зав. № + АоРПИ подписан","Зав. № есть, АоРПИ не подписан")))) | O29: CHENGDA-MU-IC-1671 | R29: RFI 1671 добавлен из сводной
A30: 1.24 LCS | B30: Местная станция управления IP55, 400/230 В | C30: HLFX01-A2D1G | D30: компл. | E30: 8 | F30: 2601-00036; 2601-00037; 2601-00038; 2601-00039; 2601-00040; 2601-00041; 2601-00042; 2601-00043 | G30: 8 | H30: RFI 1610-2 | I30: 1610-2 | J30: 1080-3120-ЭС3-ВК-ЧНД | K30: Подписан | L30: =IF(F30="",IF(J30="-","Нет зав. №, нет АоРПИ","Нет зав. №"),IF(G30<E30,"Зав. № не все ("&G30&" из "&E30&")",IF(J30="-","Зав. № есть, АоРПИ нет",IF(K30="Подписан","ОК: зав. № + АоРПИ подписан","Зав. № есть, АоРПИ не подписан")))) | M30: В АоРПИ 1080 зав. № не указаны | O30: CHENGDA-MU-IC-1610-2 | P30: 1080-3120-ЭС3-ВК-ЧНД | Q30: Нет документов, приложенные документы не идентифицируют изделие. | R30: Совпадает
A31: 1.25 | B31: Выключатель одноклавишный IP20, 230 В, 10 А | C31: HLFX01-K1G | D31: шт | E31: 9 | F31: 2601-00047; 2601-00048; 2601-00049; 2601-00050; 2601-00051; 2601-00052; 2601-00053; 2601-00054; 2601-00055 | G31: 9 | H31: RFI 1610-2 | I31: 1610-2 | J31: 1080-3120-ЭС3-ВК-ЧНД | K31: Подписан | L31: =IF(F31="",IF(J31="-","Нет зав. №, нет АоРПИ","Нет зав. №"),IF(G31<E31,"Зав. № не все ("&G31&" из "&E31&")",IF(J31="-","Зав. № есть, АоРПИ нет",IF(K31="Подписан","ОК: зав. № + АоРПИ подписан","Зав. № есть, АоРПИ не подписан")))) | M31: В АоРПИ 1080 зав. № не указаны | O31: CHENGDA-MU-IC-1610-2 | P31: 1080-3120-ЭС3-ВК-ЧНД | Q31: Нет документов, приложенные документы не идентифицируют изделие. | R31: Совпадает
D32: Итого | E32: =SUM(E6:E31) | G32: =SUM(G6:G31)

Sheet 3120 ЭС4
A1: Титул 3120, раздел ЭС4 — оборудование (раздел «Оборудование» спецификации), заводские номера и АоРПИ
A2: СО: E19006-CXPP-3120-ЭС4.СО-001, ревизия 4А (.docm) — проверено 28.09.2026: СО ЭС4 новее 4А в папке РД нет
A3: Зав. № и АоРПИ собраны из папок Nextcloud: 2.Incoming control (1.Closed — подписан, 2.Open — не подписан), 1.RFI/CHENGDA, _Текст для поиска. «-» в столбце АоРПИ — акта в папке ВК нет.
A5: Поз. / тег | B5: Наименование (по СО) | C5: Тип, марка | D5: Ед. | E5: Кол-во по СО | F5: Заводской № (пусто — не найден) | G5: Найдено зав. №, шт | H5: Источник зав. № | I5: RFI | J5: АоРПИ (- если нет) | K5: Статус АоРПИ | L5: Итог | M5: Примечание | N5: Паспорт (TP) | O5: RFI по сводной 17.08.2026 | P5: АоРПИ по сводной 17.08.2026 | Q5: Замечание из сводной 17.08.2026 | R5: Сверка со сводной 17.08.2026
A6: 3121RC02, RC09 | B6: Дифзащита W1E, W2E с комплектом ступенчатых защит | C6: ШЭ2607 692-61Е2 (ЭКРА) | D6: шт | E6: 2 | F6: 35323; 35324 | G6: 2 | H6: АоРПИ 961 / RFI 1556 | I6: 1556 | J6: 961-3120-ЭС4-ВК-ЧНД | K6: Не подписан | L6: =IF(F6="",IF(J6="-","Нет зав. №, нет АоРПИ","Нет зав. №"),IF(G6<E6,"Зав. № не все ("&G6&" из "&E6&")",IF(J6="-","Зав. № есть, АоРПИ нет",IF(K6="Подписан","ОК: зав. № + АоРПИ подписан","Зав. № есть, АоРПИ не подписан")))) | O6: CHENGDA-MU-IC-1556 | P6: 961-3120-ЭС4-ВК-ЧНД | R6: Совпадает
A7: 3121RC03, RC10 | B7: Комплект ступенчатых защит W1E, W2E | C7: ШЭТ 220.08-0 Бреслер-0117.510 | D7: шт | E7: 2 | F7: 10589/1 (RC03); 10589/2 (RC10) | G7: 2 | H7: RFI 1556 | I7: 1556 | J7: 961-3120-ЭС4-ВК-ЧНД | K7: Не подписан | L7: =IF(F7="",IF(J7="-","Нет зав. №, нет АоРПИ","Нет зав. №"),IF(G7<E7,"Зав. № не все ("&G7&" из "&E7&")",IF(J7="-","Зав. № есть, АоРПИ нет",IF(K7="Подписан","ОК: зав. № + АоРПИ подписан","Зав. № есть, АоРПИ не подписан")))) | M7: В АоРПИ 961 поз. 2 номера не указаны | O7: CHENGDA-MU-IC-1556 | P7: 961-3120-ЭС4-ВК-ЧНД | R7: Совпадает
A8: 3121RC06, RC07, RC08 | B8: Автоматика управления выключателем Q2T1, Q2T2, QK1E | C8: ШЭТ 251.01-0 Бреслер-0117.600 | D8: шт | E8: 3 | F8: 10589/3 (RC06); 10589/5 (RC07); 10589/4 (RC08) | G8: 3 | H8: АоРПИ 961 / RFI 1556 | I8: 1556 | J8: 961-3120-ЭС4-ВК-ЧНД | K8: Не подписан | L8: =IF(F8="",IF(J8="-","Нет зав. №, нет АоРПИ","Нет зав. №"),IF(G8<E8,"Зав. № не все ("&G8&" из "&E8&")",IF(J8="-","Зав. № есть, АоРПИ нет",IF(K8="Подписан","ОК: зав. № + АоРПИ подписан","Зав. № есть, АоРПИ не подписан")))) | O8: CHENGDA-MU-IC-1556 | P8: 961-3120-ЭС4-ВК-ЧНД | R8: Совпадает
A9: 3121RC18, RC19, RC24, RC25 | B9: Комплект основных и резервных защит трансформатора Т-1, Т-2 | C9: ШЭТ 210.02-0 | D9: шт | E9: 4 | F9: 10589/6 (RC18); 10589/7 (RC19); 10589/11 (RC24); 10589/12 (RC25) | G9: 4 | H9: АоРПИ 961 / RFI 1556 | I9: 1556 | J9: 961-3120-ЭС4-ВК-ЧНД | K9: Не подписан | L9: =IF(F9="",IF(J9="-","Нет зав. №, нет АоРПИ","Нет зав. №"),IF(G9<E9,"Зав. № не все ("&G9&" из "&E9&")",IF(J9="-","Зав. № есть, АоРПИ нет",IF(K9="Подписан","ОК: зав. № + АоРПИ подписан","Зав. № есть, АоРПИ не подписан")))) | O9: CHENGDA-MU-IC-1556 | P9: 961-3120-ЭС4-ВК-ЧНД | R9: Совпадает
A10: 3121RC20, RC26 | B10: Защита ошиновки 220 кВ Т1, Т2 | C10: ШЭТ 440.02-0 | D10: шт | E10: 2 | F10: 10589/8 (RC20); 10589/13 (RC26) | G10: 2 | H10: АоРПИ 961 / RFI 1556 | I10: 1556 | J10: 961-3120-ЭС4-ВК-ЧНД | K10: Не подписан | L10: =IF(F10="",IF(J10="-","Нет зав. №, нет АоРПИ","Нет зав. №"),IF(G10<E10,"Зав. № не все ("&G10&" из "&E10&")",IF(J10="-","Зав. № есть, АоРПИ нет",IF(K10="Подписан","ОК: зав. № + АоРПИ подписан","Зав. № есть, АоРПИ не подписан")))) | O10: CHENGDA-MU-IC-1556 | P10: 961-3120-ЭС4-ВК-ЧНД | R10: Совпадает
A11: 3121RC21, RC27 | B11: Комплект ступенчатых защит 220 кВ Т-1, Т-2 (РЗАТ) | C11: ШЭТ 410.01-0 Бреслер-0117.730 | D11: шт | E11: 2 | F11: 10589/9 (RC21); 10589/14 (RC27) | G11: 2 | H11: АоРПИ 961 / RFI 1556 | I11: 1556 | J11: 961-3120-ЭС4-ВК-ЧНД | K11: Не подписан | L11: =IF(F11="",IF(J11="-","Нет зав. №, нет АоРПИ","Нет зав. №"),IF(G11<E11,"Зав. № не все ("&G11&" из "&E11&")",IF(J11="-","Зав. № есть, АоРПИ нет",IF(K11="Подписан","ОК: зав. № + АоРПИ подписан","Зав. № есть, АоРПИ не подписан")))) | O11: CHENGDA-MU-IC-1556 | P11: 961-3120-ЭС4-ВК-ЧНД | R11: Совпадает
A12: 3121RC22 | B12: Шкаф автоматики РПН Т-1, Т-2 | C12: Бреслер | D12: шт | E12: 1 | F12: 10589/10 | G12: 1 | H12: АоРПИ 961 / RFI 1556 | I12: 1556 | J12: 961-3120-ЭС4-ВК-ЧНД | K12: Не подписан | L12: =IF(F12="",IF(J12="-","Нет зав. №, нет АоРПИ","Нет зав. №"),IF(G12<E12,"Зав. № не все ("&G12&" из "&E12&")",IF(J12="-","Зав. № есть, АоРПИ нет",IF(K12="Подписан","ОК: зав. № + АоРПИ подписан","Зав. № есть, АоРПИ не подписан")))) | O12: CHENGDA-MU-IC-1556 | P12: 961-3120-ЭС4-ВК-ЧНД | R12: Совпадает
A13: 3121RC28, RC29 | B13: Шкаф ДЗШ 10 кВ K2К, К4К | C13: ШЭТ 140.01-0 Бреслер-0117.280 | D13: шт | E13: 2 | F13: 10589/15 (RC28); 10589/16 (RC29) | G13: 2 | H13: АоРПИ 961 / RFI 1556 | I13: 1556 | J13: 961-3120-ЭС4-ВК-ЧНД | K13: Не подписан | L13: =IF(F13="",IF(J13="-","Нет зав. №, нет АоРПИ","Нет зав. №"),IF(G13<E13,"Зав. № не все ("&G13&" из "&E13&")",IF(J13="-","Зав. № есть, АоРПИ нет",IF(K13="Подписан","ОК: зав. № + АоРПИ подписан","Зав. № есть, АоРПИ не подписан")))) | O13: CHENGDA-MU-IC-1556 | P13: 961-3120-ЭС4-ВК-ЧНД | R13: Совпадает
A14: 3121RC17 | B14: Шкаф регистратора аварийных событий (РАС) | C14: Бреслер-0117.010 | D14: шт | E14: 1 | F14: 10589/17 | G14: 1 | H14: АоРПИ 961 / RFI 1556 | I14: 1556 | J14: 961-3120-ЭС4-ВК-ЧНД | K14: Не подписан | L14: =IF(F14="",IF(J14="-","Нет зав. №, нет АоРПИ","Нет зав. №"),IF(G14<E14,"Зав. № не все ("&G14&" из "&E14&")",IF(J14="-","Зав. № есть, АоРПИ нет",IF(K14="Подписан","ОК: зав. № + АоРПИ подписан","Зав. № есть, АоРПИ не подписан")))) | O14: CHENGDA-MU-IC-1556 | P14: 961-3120-ЭС4-ВК-ЧНД | R14: Совпадает
A15: 3121RC16 | B15: Шкаф ОМП W1E, W2E | C15: Бреслер-0117.090 | D15: шт | E15: 1 | F15: 10589/18 | G15: 1 | H15: АоРПИ 961 / RFI 1556 | I15: 1556 | J15: 961-3120-ЭС4-ВК-ЧНД | K15: Не подписан | L15: =IF(F15="",IF(J15="-","Нет зав. №, нет АоРПИ","Нет зав. №"),IF(G15<E15,"Зав. № не все ("&G15&" из "&E15&")",IF(J15="-","Зав. № есть, АоРПИ нет",IF(K15="Подписан","ОК: зав. № + АоРПИ подписан","Зав. № есть, АоРПИ не подписан")))) | O15: CHENGDA-MU-IC-1556 | P15: 961-3120-ЭС4-ВК-ЧНД | R15: Совпадает
A16: 3121RC01 | B16: Шкаф центральной сигнализации | C16: Бреслер-0117.050 | D16: шт | E16: 1 | F16: 10589/19 | G16: 1 | H16: АоРПИ 961 / RFI 1556 | I16: 1556 | J16: 961-3120-ЭС4-ВК-ЧНД | K16: Не подписан | L16: =IF(F16="",IF(J16="-","Нет зав. №, нет АоРПИ","Нет зав. №"),IF(G16<E16,"Зав. № не все ("&G16&" из "&E16&")",IF(J16="-","Зав. № есть, АоРПИ нет",IF(K16="Подписан","ОК: зав. № + АоРПИ подписан","Зав. № есть, АоРПИ не подписан")))) | O16: CHENGDA-MU-IC-1556 | P16: 961-3120-ЭС4-ВК-ЧНД | R16: Совпадает
A17: 3121RC23 | B17: Шкаф питания цепей оперативной блокировки разъединителей (ШОБР) | C17: Бреслер-0117.975 | D17: шт | E17: 1 | F17: 10589/20 | G17: 1 | H17: АоРПИ 961 / RFI 1556 | I17: 1556 | J17: 961-3120-ЭС4-ВК-ЧНД | K17: Не подписан | L17: =IF(F17="",IF(J17="-","Нет зав. №, нет АоРПИ","Нет зав. №"),IF(G17<E17,"Зав. № не все ("&G17&" из "&E17&")",IF(J17="-","Зав. № есть, АоРПИ нет",IF(K17="Подписан","ОК: зав. № + АоРПИ подписан","Зав. № есть, АоРПИ не подписан")))) | O17: CHENGDA-MU-IC-1556 | P17: 961-3120-ЭС4-ВК-ЧНД | R17: Совпадает
A18: 3121RC15 | B18: Шкаф организации цепей напряжения ТН 220 кВ | C18: Бреслер-0117.980 | D18: шт | E18: 1 | F18: 10589/21 | G18: 1 | H18: RFI 1556 | I18: 1556 | J18: 961-3120-ЭС4-ВК-ЧНД | K18: Не подписан | L18: =IF(F18="",IF(J18="-","Нет зав. №, нет АоРПИ","Нет зав. №"),IF(G18<E18,"Зав. № не все ("&G18&" из "&E18&")",IF(J18="-","Зав. № есть, АоРПИ нет",IF(K18="Подписан","ОК: зав. № + АоРПИ подписан","Зав. № есть, АоРПИ не подписан")))) | M18: В АоРПИ 961 этой позиции нет — добавить | O18: CHENGDA-MU-IC-1556 | P18: 961-3120-ЭС4-ВК-ЧНД | R18: Совпадает
A19: 3121DP01, DP02 | B19: Шкаф распределения оперативного постоянного тока (ШРОТ) №1, №2 | C19: Бреслер-0117.999 | D19: шт | E19: 2 | F19: 10589/22 (DP01); 10589/42 (DP02) | G19: 2 | H19: RFI 1556 | I19: 1556 | J19: 961-3120-ЭС4-ВК-ЧНД | K19: Не подписан | L19: =IF(F19="",IF(J19="-","Нет зав. №, нет АоРПИ","Нет зав. №"),IF(G19<E19,"Зав. № не все ("&G19&" из "&E19&")",IF(J19="-","Зав. № есть, АоРПИ нет",IF(K19="Подписан","ОК: зав. № + АоРПИ подписан","Зав. № есть, АоРПИ не подписан")))) | M19: В АоРПИ 961 поз. 13–14 № 10589/22 записан дважды | O19: CHENGDA-MU-IC-1556 | P19: 961-3120-ЭС4-ВК-ЧНД | R19: Совпадает
A20: 3121RC13, RC14 | B20: Комплект ПА №1, №2 (КПА) | C20: Бреслер-0117.400 | D20: шт | E20: 2 | F20: 10589/23 (RC13); 10589/24 (RC14) | G20: 2 | H20: АоРПИ 961 / RFI 1556 | I20: 1556 | J20: 961-3120-ЭС4-ВК-ЧНД | K20: Не подписан | L20: =IF(F20="",IF(J20="-","Нет зав. №, нет АоРПИ","Нет зав. №"),IF(G20<E20,"Зав. № не все ("&G20&" из "&E20&")",IF(J20="-","Зав. № есть, АоРПИ нет",IF(K20="Подписан","ОК: зав. № + АоРПИ подписан","Зав. № есть, АоРПИ не подписан")))) | O20: CHENGDA-MU-IC-1556 | P20: 961-3120-ЭС4-ВК-ЧНД | R20: Совпадает
A21: 3121RC04, RC05, RC11, RC12 | B21: УПАСК по ВОЛС | C21: ШЭТ ОВ 32 (Бреслер) | D21: шт | E21: 4 | F21: ЮИ-25-1273-1-001 (RC04); ЮИ-25-1273-1-002 (RC05); ЮИ-25-1273-1-003 (RC11); ЮИ-25-1273-1-004 (RC12) | G21: 4 | H21: АоРПИ 961 / RFI 1556 | I21: 1556 | J21: 961-3120-ЭС4-ВК-ЧНД | K21: Не подписан | L21: =IF(F21="",IF(J21="-","Нет зав. №, нет АоРПИ","Нет зав. №"),IF(G21<E21,"Зав. № не все ("&G21&" из "&E21&")",IF(J21="-","Зав. № есть, АоРПИ нет",IF(K21="Подписан","ОК: зав. № + АоРПИ подписан","Зав. № есть, АоРПИ не подписан")))) | O21: CHENGDA-MU-IC-1556 | P21: 961-3120-ЭС4-ВК-ЧНД | R21: Совпадает
A22: — | B22: Комплект ПО и оборудования для обмена с терминалами РЗА | C22: WINBRES, TRANSET, BRESUSB | D22: шт | E22: 2 | G22: 0 | I22: - | J22: - | K22: - | L22: =IF(F22="",IF(J22="-","Нет зав. №, нет АоРПИ","Нет зав. №"),IF(G22<E22,"Зав. № не все ("&G22&" из "&E22&")",IF(J22="-","Зав. № есть, АоРПИ нет",IF(K22="Подписан","ОК: зав. № + АоРПИ подписан","Зав. № есть, АоРПИ не подписан")))) | Q22: Нужно проверить, еще не обработана | R22: Совпадает
A23: — | B23: Ноутбук для обслуживания устройств РЗА | D23: шт | E23: 1 | G23: 0 | I23: - | J23: - | K23: - | L23: =IF(F23="",IF(J23="-","Нет зав. №, нет АоРПИ","Нет зав. №"),IF(G23<E23,"Зав. № не все ("&G23&" из "&E23&")",IF(J23="-","Зав. № есть, АоРПИ нет",IF(K23="Подписан","ОК: зав. № + АоРПИ подписан","Зав. № есть, АоРПИ не подписан")))) | Q23: Нужно проверить, еще не обработана | R23: Совпадает
A24: — | B24: Инструмент для монтажа и наладки ПТС РЗА | C24: Бреслер | D24: шт | E24: 1 | G24: 0 | I24: - | J24: - | K24: - | L24: =IF(F24="",IF(J24="-","Нет зав. №, нет АоРПИ","Нет зав. №"),IF(G24<E24,"Зав. № не все ("&G24&" из "&E24&")",IF(J24="-","Зав. № есть, АоРПИ нет",IF(K24="Подписан","ОК: зав. № + АоРПИ подписан","Зав. № есть, АоРПИ не подписан")))) | Q24: Нужно проверить, еще не обработана | R24: Совпадает
D25: Итого | E25: =SUM(E6:E24) | G25: =SUM(G6:G24)

Sheet 3120 ЭС5
A1: Титул 3120, раздел ЭС5 — оборудование (раздел «Оборудование» спецификации), заводские номера и АоРПИ
A2: СО: E19006-CXPP-3120-ЭС5.СО-001, ревизия 4В (.doc)
A3: Зав. № и АоРПИ собраны из папок Nextcloud: 2.Incoming control (1.Closed — подписан, 2.Open — не подписан), 1.RFI/CHENGDA, _Текст для поиска. «-» в столбце АоРПИ — акта в папке ВК нет.
A5: Поз. / тег | B5: Наименование (по СО) | C5: Тип, марка | D5: Ед. | E5: Кол-во по СО | F5: Заводской № (пусто — не найден) | G5: Найдено зав. №, шт | H5: Источник зав. № | I5: RFI | J5: АоРПИ (- если нет) | K5: Статус АоРПИ | L5: Итог | M5: Примечание | N5: Паспорт (TP) | O5: RFI по сводной 17.08.2026 | P5: АоРПИ по сводной 17.08.2026 | Q5: Замечание из сводной 17.08.2026 | R5: Сверка со сводной 17.08.2026
A6: ШЗВ | B6: Шкаф промежуточных зажимов, 30 зажимов | C6: ШЗВ-30 | D6: шт | E6: 1 | G6: 0 | I6: 1671 | J6: - | K6: - | L6: =IF(F6="",IF(J6="-","Нет зав. №, нет АоРПИ","Нет зав. №"),IF(G6<E6,"Зав. № не все ("&G6&" из "&E6&")",IF(J6="-","Зав. № есть, АоРПИ нет",IF(K6="Подписан","ОК: зав. № + АоРПИ подписан","Зав. № есть, АоРПИ не подписан")))) | M6: В папке АоРПИ 742-3120-ЭС5 лежит копия акта 961 (ЭС4) — акта на ЭС5 фактически нет | O6: CHENGDA-MU-IC-1671 | Q6: нет документов | R6: RFI 1671 добавлен из сводной
A7: ШПС | B7: Шкаф повторителей сигнала | C7: ШПС | D7: шт | E7: 1 | G7: 0 | I7: 1671 | J7: - | K7: - | L7: =IF(F7="",IF(J7="-","Нет зав. №, нет АоРПИ","Нет зав. №"),IF(G7<E7,"Зав. № не все ("&G7&" из "&E7&")",IF(J7="-","Зав. № есть, АоРПИ нет",IF(K7="Подписан","ОК: зав. № + АоРПИ подписан","Зав. № есть, АоРПИ не подписан")))) | O7: CHENGDA-MU-IC-1671 | Q7: нет документов | R7: RFI 1671 добавлен из сводной
D8: Итого | E8: =SUM(E6:E7) | G8: =SUM(G6:G7)

Sheet 3120 АСУЭ
A1: Титул 3120, раздел АСУЭ — оборудование (раздел «Оборудование» спецификации), заводские номера и АоРПИ
A2: СО: 03-50-1200-44-АСУЭ.В4-001, ревизия 4С (pdf, 10.07.2026) — сверено с 4А: состав шкафов и оборудования не изменился; в 4С добавлены обозначения шкафов ATMS, изменены кол-ва кабелей/лотков
A3: Зав. № и АоРПИ собраны из папок Nextcloud: 2.Incoming control (1.Closed — подписан, 2.Open — не подписан), 1.RFI/CHENGDA, _Текст для поиска. «-» в столбце АоРПИ — акта в папке ВК нет.
A5: Поз. / тег | B5: Наименование (по СО) | C5: Тип, марка | D5: Ед. | E5: Кол-во по СО | F5: Заводской № (пусто — не найден) | G5: Найдено зав. №, шт | H5: Источник зав. № | I5: RFI | J5: АоРПИ (- если нет) | K5: Статус АоРПИ | L5: Итог | M5: Примечание | N5: Паспорт (TP) | O5: RFI по сводной 17.08.2026 | P5: АоРПИ по сводной 17.08.2026 | Q5: Замечание из сводной 17.08.2026 | R5: Сверка со сводной 17.08.2026
A6: 3121 SEC1 | B6: Шкаф серверного оборудования №1 2200х800х1000 | C6: ИНБРЭС / Бреслер | D6: компл. | E6: 1 | F6: 2025-ШСО-014 | G6: 1 | H6: АоРПИ 763 / RFI 1556 | I6: 1556 | J6: 763-3120-АСУЭ-ВК-ЧНД | K6: Подписан | L6: =IF(F6="",IF(J6="-","Нет зав. №, нет АоРПИ","Нет зав. №"),IF(G6<E6,"Зав. № не все ("&G6&" из "&E6&")",IF(J6="-","Зав. № есть, АоРПИ нет",IF(K6="Подписан","ОК: зав. № + АоРПИ подписан","Зав. № есть, АоРПИ не подписан")))) | O6: CHENGDA-MU-IC-1556 | P6: 763-3120-АСУЭ-ВК-ЧНД | R6: Совпадает
A7: 3121 SEC2 | B7: Шкаф серверного оборудования №2 2200х800х1000 | C7: ИНБРЭС / Бреслер | D7: компл. | E7: 1 | F7: 2025-ШСО-015 | G7: 1 | H7: АоРПИ 763 / RFI 1556 | I7: 1556 | J7: 763-3120-АСУЭ-ВК-ЧНД | K7: Подписан | L7: =IF(F7="",IF(J7="-","Нет зав. №, нет АоРПИ","Нет зав. №"),IF(G7<E7,"Зав. № не все ("&G7&" из "&E7&")",IF(J7="-","Зав. № есть, АоРПИ нет",IF(K7="Подписан","ОК: зав. № + АоРПИ подписан","Зав. № есть, АоРПИ не подписан")))) | O7: CHENGDA-MU-IC-1556 | P7: 763-3120-АСУЭ-ВК-ЧНД | R7: Совпадает
A8: 3121 CCC | B8: Шкаф контроллеров присоединений 220 кВ | C8: ИНБРЭС / Бреслер | D8: компл. | E8: 1 | F8: 2025-ШКП-017 | G8: 1 | H8: АоРПИ 763 / RFI 1556 | I8: 1556 | J8: 763-3120-АСУЭ-ВК-ЧНД | K8: Подписан | L8: =IF(F8="",IF(J8="-","Нет зав. №, нет АоРПИ","Нет зав. №"),IF(G8<E8,"Зав. № не все ("&G8&" из "&E8&")",IF(J8="-","Зав. № есть, АоРПИ нет",IF(K8="Подписан","ОК: зав. № + АоРПИ подписан","Зав. № есть, АоРПИ не подписан")))) | O8: CHENGDA-MU-IC-1556 | P8: 763-3120-АСУЭ-ВК-ЧНД | R8: Совпадает
A9: 3121 OICC1 | B9: Шкаф устройств сопряжения с объектом №1 | C9: ИНБРЭС / Бреслер | D9: компл. | E9: 1 | F9: 2025-ШПДС-014 | G9: 1 | H9: АоРПИ 763 / RFI 1556 | I9: 1556 | J9: 763-3120-АСУЭ-ВК-ЧНД | K9: Подписан | L9: =IF(F9="",IF(J9="-","Нет зав. №, нет АоРПИ","Нет зав. №"),IF(G9<E9,"Зав. № не все ("&G9&" из "&E9&")",IF(J9="-","Зав. № есть, АоРПИ нет",IF(K9="Подписан","ОК: зав. № + АоРПИ подписан","Зав. № есть, АоРПИ не подписан")))) | O9: CHENGDA-MU-IC-1556 | P9: 763-3120-АСУЭ-ВК-ЧНД | R9: Совпадает
A10: 3121 OICC2 | B10: Шкаф устройств сопряжения с объектом №2 | C10: ИНБРЭС / Бреслер | D10: компл. | E10: 1 | F10: 2025-ШПДС-015 | G10: 1 | H10: АоРПИ 763 / RFI 1556 | I10: 1556 | J10: 763-3120-АСУЭ-ВК-ЧНД | K10: Подписан | L10: =IF(F10="",IF(J10="-","Нет зав. №, нет АоРПИ","Нет зав. №"),IF(G10<E10,"Зав. № не все ("&G10&" из "&E10&")",IF(J10="-","Зав. № есть, АоРПИ нет",IF(K10="Подписан","ОК: зав. № + АоРПИ подписан","Зав. № есть, АоРПИ не подписан")))) | O10: CHENGDA-MU-IC-1556 | P10: 763-3120-АСУЭ-ВК-ЧНД | R10: Совпадает
A11: 3121 OICC3 | B11: Шкаф устройств сопряжения с объектом №3 | C11: ИНБРЭС / Бреслер | D11: компл. | E11: 1 | F11: 2025-ШПДС-016 | G11: 1 | H11: АоРПИ 763 / RFI 1556 | I11: 1556 | J11: 763-3120-АСУЭ-ВК-ЧНД | K11: Подписан | L11: =IF(F11="",IF(J11="-","Нет зав. №, нет АоРПИ","Нет зав. №"),IF(G11<E11,"Зав. № не все ("&G11&" из "&E11&")",IF(J11="-","Зав. № есть, АоРПИ нет",IF(K11="Подписан","ОК: зав. № + АоРПИ подписан","Зав. № есть, АоРПИ не подписан")))) | O11: CHENGDA-MU-IC-1556 | P11: 763-3120-АСУЭ-ВК-ЧНД | R11: Совпадает
A12: 3121 SCC | B12: Шкаф общеподстанционного контроллера (УСО ОПС) | C12: ИНБРЭС / Бреслер | D12: компл. | E12: 1 | F12: 2025-ШКП-018 | G12: 1 | H12: АоРПИ 763 / RFI 1556 | I12: 1556 | J12: 763-3120-АСУЭ-ВК-ЧНД | K12: Подписан | L12: =IF(F12="",IF(J12="-","Нет зав. №, нет АоРПИ","Нет зав. №"),IF(G12<E12,"Зав. № не все ("&G12&" из "&E12&")",IF(J12="-","Зав. № есть, АоРПИ нет",IF(K12="Подписан","ОК: зав. № + АоРПИ подписан","Зав. № есть, АоРПИ не подписан")))) | O12: CHENGDA-MU-IC-1556 | P12: 763-3120-АСУЭ-ВК-ЧНД | R12: Совпадает
A13: 3121 MTC | B13: Шкаф измерительных преобразователей 220 кВ | C13: ИНБРЭС / Бреслер | D13: компл. | E13: 1 | F13: 2025-ШИП-007 | G13: 1 | H13: АоРПИ 763 / RFI 1556 | I13: 1556 | J13: 763-3120-АСУЭ-ВК-ЧНД | K13: Подписан | L13: =IF(F13="",IF(J13="-","Нет зав. №, нет АоРПИ","Нет зав. №"),IF(G13<E13,"Зав. № не все ("&G13&" из "&E13&")",IF(J13="-","Зав. № есть, АоРПИ нет",IF(K13="Подписан","ОК: зав. № + АоРПИ подписан","Зав. № есть, АоРПИ не подписан")))) | O13: CHENGDA-MU-IC-1556 | P13: 763-3120-АСУЭ-ВК-ЧНД | R13: Совпадает
A14: 3121 NSC | B14: Шкаф сетевых коммутаторов №1 | C14: ИНБРЭС / Бреслер | D14: компл. | E14: 1 | F14: 2025-ШСК-021 | G14: 1 | H14: АоРПИ 763 / RFI 1556 | I14: 1556 | J14: 763-3120-АСУЭ-ВК-ЧНД | K14: Подписан | L14: =IF(F14="",IF(J14="-","Нет зав. №, нет АоРПИ","Нет зав. №"),IF(G14<E14,"Зав. № не все ("&G14&" из "&E14&")",IF(J14="-","Зав. № есть, АоРПИ нет",IF(K14="Подписан","ОК: зав. № + АоРПИ подписан","Зав. № есть, АоРПИ не подписан")))) | O14: CHENGDA-MU-IC-1556 | P14: 763-3120-АСУЭ-ВК-ЧНД | R14: Совпадает
A15: 3123 NSC | B15: Шкаф сетевых коммутаторов №2 | C15: ИНБРЭС / Бреслер | D15: компл. | E15: 1 | F15: 2025-ШСК-022 | G15: 1 | H15: АоРПИ 763 / RFI 1556 | I15: 1556 | J15: 763-3120-АСУЭ-ВК-ЧНД | K15: Подписан | L15: =IF(F15="",IF(J15="-","Нет зав. №, нет АоРПИ","Нет зав. №"),IF(G15<E15,"Зав. № не все ("&G15&" из "&E15&")",IF(J15="-","Зав. № есть, АоРПИ нет",IF(K15="Подписан","ОК: зав. № + АоРПИ подписан","Зав. № есть, АоРПИ не подписан")))) | O15: CHENGDA-MU-IC-1556 | P15: 763-3120-АСУЭ-ВК-ЧНД | R15: Совпадает
A16: 3121 NC1 | B16: Шкаф сетевой №1 | C16: ИНБРЭС / Бреслер | D16: компл. | E16: 1 | F16: 2025-ШСК-019 | G16: 1 | H16: АоРПИ 763 / RFI 1556 | I16: 1556 | J16: 763-3120-АСУЭ-ВК-ЧНД | K16: Подписан | L16: =IF(F16="",IF(J16="-","Нет зав. №, нет АоРПИ","Нет зав. №"),IF(G16<E16,"Зав. № не все ("&G16&" из "&E16&")",IF(J16="-","Зав. № есть, АоРПИ нет",IF(K16="Подписан","ОК: зав. № + АоРПИ подписан","Зав. № есть, АоРПИ не подписан")))) | O16: CHENGDA-MU-IC-1556 | P16: 763-3120-АСУЭ-ВК-ЧНД | R16: Совпадает
A17: 3121 NC2 | B17: Шкаф сетевой №2 | C17: ИНБРЭС / Бреслер | D17: компл. | E17: 1 | F17: 2025-ШСК-020 | G17: 1 | H17: АоРПИ 763 / RFI 1556 | I17: 1556 | J17: 763-3120-АСУЭ-ВК-ЧНД | K17: Подписан | L17: =IF(F17="",IF(J17="-","Нет зав. №, нет АоРПИ","Нет зав. №"),IF(G17<E17,"Зав. № не все ("&G17&" из "&E17&")",IF(J17="-","Зав. № есть, АоРПИ нет",IF(K17="Подписан","ОК: зав. № + АоРПИ подписан","Зав. № есть, АоРПИ не подписан")))) | O17: CHENGDA-MU-IC-1556 | P17: 763-3120-АСУЭ-ВК-ЧНД | R17: Совпадает
... A22: 3121 PQMS | B22: Шкаф системы мониторинга и управления качеством электроэнергии (Бреслер-0117.948.01) | C22: ИНБРЭС / Бреслер | D22: компл. | E22: 1 | F22: 10589/45 | G22: 1 | H22: АоРПИ 763 / RFI 1556 | I22: 1556 | J22: 763-3120-АСУЭ-ВК-ЧНД | K22: Подписан | L22: =IF(F22="",IF(J22="-","Нет зав. №, нет АоРПИ","Нет зав. №"),IF(G22<E22,"Зав. № не все ("&G22&" из "&E22&")",IF(J22="-","Зав. № есть, АоРПИ нет",IF(K22="Подписан","ОК: зав. № + АоРПИ подписан","Зав. № есть, АоРПИ не подписан")))) | O22: CHENGDA-MU-IC-1556 | P22: 763-3120-АСУЭ-ВК-ЧНД | R22: Совпадает
A23: АРМ 4051 | B23: Монитор Delta Computers 27" | C23: М2701/2КР/LCD | D23: шт | E23: 6 | G23: 0 | I23: 1556(1) | J23: - | K23: - | L23: =IF(F23="",IF(J23="-","Нет зав. №, нет АоРПИ","Нет зав. №"),IF(G23<E23,"Зав. № не все ("&G23&" из "&E23&")",IF(J23="-","Зав. № есть, АоРПИ нет",IF(K23="Подписан","ОК: зав. № + АоРПИ подписан","Зав. № есть, АоРПИ не подписан")))) | O23: CHENGDA-MU-IC-1556 (1) | Q23: Нужно проверить, еще не обработана | R23: RFI 1556(1) добавлен из сводной
A24: АРМ 4051 | B24: Принтер HP Color LaserJet CP5225dn | C24: CE712A | D24: шт | E24: 1 | G24: 0 | I24: 1556(1) | J24: - | K24: - | L24: =IF(F24="",IF(J24="-","Нет зав. №, нет АоРПИ","Нет зав. №"),IF(G24<E24,"Зав. № не все ("&G24&" из "&E24&")",IF(J24="-","Зав. № есть, АоРПИ нет",IF(K24="Подписан","ОК: зав. № + АоРПИ подписан","Зав. № есть, АоРПИ не подписан")))) | O24: CHENGDA-MU-IC-1556 (1) | Q24: Нужно проверить, еще не обработана | R24: RFI 1556(1) добавлен из сводной
A25: АРМ 4051 | B25: МФУ HP LaserJet Pro 4103dw | C25: 2Z627A | D25: шт | E25: 1 | G25: 0 | I25: 1556(1) | J25: - | K25: - | L25: =IF(F25="",IF(J25="-","Нет зав. №, нет АоРПИ","Нет зав. №"),IF(G25<E25,"Зав. № не все ("&G25&" из "&E25&")",IF(J25="-","Зав. № есть, АоРПИ нет",IF(K25="Подписан","ОК: зав. № + АоРПИ подписан","Зав. № есть, АоРПИ не подписан")))) | O25: CHENGDA-MU-IC-1556 (1) | Q25: Нужно проверить, еще не обработана | R25: RFI 1556(1) добавлен из сводной
A26: АРМ СМиУКЭ/РЗА/АСУЭ | B26: Ноутбук Acer Aspire 5 A515-57 | C26: A515-57-506D | D26: шт | E26: 3 | G26: 0 | I26: 1556(1) | J26: - | K26: - | L26: =IF(F26="",IF(J26="-","Нет зав. №, нет АоРПИ","Нет зав. №"),IF(G26<E26,"Зав. № не все ("&G26&" из "&E26&")",IF(J26="-","Зав. № есть, АоРПИ нет",IF(K26="Подписан","ОК: зав. № + АоРПИ подписан","Зав. № есть, АоРПИ не подписан")))) | O26: CHENGDA-MU-IC-1556 (1) | P26: 已到货 | Q26: Нужно проверить, еще не обработана | R26: RFI 1556(1) добавлен из сводной
A27: — | B27: Антенна ГЛОНАСС/GPS | C27: GPS-P.50MP | D27: шт | E27: 3 | G27: 0 | I27: 1556(1) | J27: - | K27: - | L27: =IF(F27="",IF(J27="-","Нет зав. №, нет АоРПИ","Нет зав. №"),IF(G27<E27,"Зав. № не все ("&G27&" из "&E27&")",IF(J27="-","Зав. № есть, АоРПИ нет",IF(K27="Подписан","ОК: зав. № + АоРПИ подписан","Зав. № есть, АоРПИ не подписан")))) | O27: CHENGDA-MU-IC-1556 (1) | P27: 已到货 | Q27: Нужно проверить, еще не обработана | R27: RFI 1556(1) добавлен из сводной
A28: — | B28: Метеостанция | C28: IMETEOLABS PWS-600R | D28: шт | E28: 1 | G28: 0 | I28: 1556(2), 1556(1) | J28: - | K28: - | L28: =IF(F28="",IF(J28="-","Нет зав. №, нет АоРПИ","Нет зав. №"),IF(G28<E28,"Зав. № не все ("&G28&" из "&E28&")",IF(J28="-","Зав. № есть, АоРПИ нет",IF(K28="Подписан","ОК: зав. № + АоРПИ подписан","Зав. № есть, АоРПИ не подписан")))) | M28: Поставлена в ЗИП RFI 1556(2), зав. № не указан | O28: CHENGDA-MU-IC-1556 (1) | P28: 已到货 | Q28: Нужно проверить, еще не обработана | R28: RFI 1556(1) добавлен из сводной
A29: АРМ 4051 | B29: Клавиатура и мышь | D29: компл. | E29: 4 | G29: 0 | I29: 1556(1) | J29: - | K29: - | L29: =IF(F29="",IF(J29="-","Нет зав. №, нет АоРПИ","Нет зав. №"),IF(G29<E29,"Зав. № не все ("&G29&" из "&E29&")",IF(J29="-","Зав. № есть, АоРПИ нет",IF(K29="Подписан","ОК: зав. № + АоРПИ подписан","Зав. № есть, АоРПИ не подписан")))) | O29: CHENGDA-MU-IC-1556 (1) | Q29: Нужно проверить, еще не обработана | R29: Позиция добавлена из сводной 17.08.2026; RFI 1556(1) добавлен из сводной
A30: АРМ 4051 | B30: Сетевой удлинитель | D30: компл. | E30: 4 | G30: 0 | I30: 1556(1) | J30: - | K30: - | L30: =IF(F30="",IF(J30="-","Нет зав. №, нет АоРПИ","Нет зав. №"),IF(G30<E30,"Зав. № не все ("&G30&" из "&E30&")",IF(J30="-","Зав. № есть, АоРПИ нет",IF(K30="Подписан","ОК: зав. № + АоРПИ подписан","Зав. № есть, АоРПИ не подписан")))) | O30: CHENGDA-MU-IC-1556 (1) | Q30: Нужно проверить, еще не обработана | R30: Позиция добавлена из сводной 17.08.2026; RFI 1556(1) добавлен из сводной
A31: АРМ СМиУКЭ/РЗА/АСУЭ | B31: ОС Astra Linux 1.8 | C31: РусБИТех-Астра | D31: шт | E31: 3 | G31: 0 | I31: 1556(1) | J31: - | K31: - | L31: =IF(F31="",IF(J31="-","Нет зав. №, нет АоРПИ","Нет зав. №"),IF(G31<E31,"Зав. № не все ("&G31&" из "&E31&")",IF(J31="-","Зав. № есть, АоРПИ нет",IF(K31="Подписан","ОК: зав. № + АоРПИ подписан","Зав. № есть, АоРПИ не подписан")))) | O31: CHENGDA-MU-IC-1556 (1) | P31: 已到货 | Q31: Нужно проверить, еще не обработана | R31: Позиция добавлена из сводной 17.08.2026; RFI 1556(1) добавлен из сводной
A32: АРМ | B32: Кабель DB9–USB | C32: UGREEN CR104 | D32: шт | E32: 3 | G32: 0 | I32: 1556(1) | J32: - | K32: - | L32: =IF(F32="",IF(J32="-","Нет зав. №, нет АоРПИ","Нет зав. №"),IF(G32<E32,"Зав. № не все ("&G32&" из "&E32&")",IF(J32="-","Зав. № есть, АоРПИ нет",IF(K32="Подписан","ОК: зав. № + АоРПИ подписан","Зав. № есть, АоРПИ не подписан")))) | O32: CHENGDA-MU-IC-1556 (1) | P32: 已到货 | Q32: Нужно проверить, еще не обработана | R32: Позиция добавлена из сводной 17.08.2026; RFI 1556(1) добавлен из сводной
A33: АРМ | B33: Мышь беспроводная | C33: A4TECH Fstyler FG10S | D33: шт | E33: 3 | G33: 0 | I33: 1556(1) | J33: - | K33: - | L33: =IF(F33="",IF(J33="-","Нет зав. №, нет АоРПИ","Нет зав. №"),IF(G33<E33,"Зав. № не все ("&G33&" из "&E33&")",IF(J33="-","Зав. № есть, АоРПИ нет",IF(K33="Подписан","ОК: зав. № + АоРПИ подписан","Зав. № есть, АоРПИ не подписан")))) | O33: CHENGDA-MU-IC-1556 (1) | P33: 已到货 | Q33: Нужно проверить, еще не обработана | R33: Позиция добавлена из сводной 17.08.2026; RFI 1556(1) добавлен из сводной
A34: АРМ | B34: Сумка для ноутбука 17,3" | C34: Continent CC-018 | D34: шт | E34: 3 | G34: 0 | I34: 1556(1) | J34: - | K34: - | L34: =IF(F34="",IF(J34="-","Нет зав. №, нет АоРПИ","Нет зав. №"),IF(G34<E34,"Зав. № не все ("&G34&" из "&E34&")",IF(J34="-","Зав. № есть, АоРПИ нет",IF(K34="Подписан","ОК: зав. № + АоРПИ подписан","Зав. № есть, АоРПИ не подписан")))) | O34: CHENGDA-MU-IC-1556 (1) | P34: 已到货 | Q34: Нужно проверить, еще не обработана | R34: Позиция добавлена из сводной 17.08.2026; RFI 1556(1) добавлен из сводной
A35: — | B35: Кронштейн для антенны ГЛОНАСС/GPS 500 мм | C35: GPS-КР-500 | D35: шт | E35: 3 | G35: 0 | I35: 1556(1) | J35: - | K35: - | L35: =IF(F35="",IF(J35="-","Нет зав. №, нет АоРПИ","Нет зав. №"),IF(G35<E35,"Зав. № не все ("&G35&" из "&E35&")",IF(J35="-","Зав. № есть, АоРПИ нет",IF(K35="Подписан","ОК: зав. № + АоРПИ подписан","Зав. № есть, АоРПИ не подписан")))) | O35: CHENGDA-MU-IC-1556 (1) | P35: 已到货 | Q35: Нужно проверить, еще не обработана | R35: Позиция добавлена из сводной 17.08.2026; RFI 1556(1) добавлен из сводной
A36: — | B36: Датчик температуры Pt100, RS-485 | C36: ДТС125М-PT100.1,0.60.RS | D36: шт | E36: 9 | G36: 0 | I36: 1556(1) | J36: - | K36: - | L36: =IF(F36="",IF(J36="-","Нет зав. №, нет АоРПИ","Нет зав. №"),IF(G36<E36,"Зав. № не все ("&G36&" из "&E36&")",IF(J36="-","Зав. № есть, АоРПИ нет",IF(K36="Подписан","ОК: зав. № + АоРПИ подписан","Зав. № есть, АоРПИ не подписан")))) | O36: CHENGDA-MU-IC-1556 (1) | P36: 已到货 | Q36: Нужно проверить, еще не обработана | R36: Позиция добавлена из сводной 17.08.2026; RFI 1556(1) добавлен из сводной
A37: — | B37: Многофункциональный измерительный преобразователь, 2x100Base FX | C37: ЭНИП-2 | D37: шт | E37: 12 | G37: 0 | I37: 1556(1) | J37: - | K37: - | L37: =IF(F37="",IF(J37="-","Нет зав. №, нет АоРПИ","Нет зав. №"),IF(G37<E37,"Зав. № не все ("&G37&" из "&E37&")",IF(J37="-","Зав. № есть, АоРПИ нет",IF(K37="Подписан","ОК: зав. № + АоРПИ подписан","Зав. № есть, АоРПИ не подписан")))) | O37: CHENGDA-MU-IC-1556 (1) | P37: 已到货 | Q37: Нужно проверить, еще не обработана | R37: Позиция добавлена из сводной 17.08.2026; RFI 1556(1) добавлен из сводной
A38: — | B38: Модуль дискретного ввода-вывода | D38: шт | E38: 12 | G38: 0 | I38: 1556(1) | J38: - | K38: - | L38: =IF(F38="",IF(J38="-","Нет зав. №, нет АоРПИ","Нет зав. №"),IF(G38<E38,"Зав. № не все ("&G38&" из "&E38&")",IF(J38="-","Зав. № есть, АоРПИ нет",IF(K38="Подписан","ОК: зав. № + АоРПИ подписан","Зав. № есть, АоРПИ не подписан")))) | O38: CHENGDA-MU-IC-1556 (1) | P38: 已到货 | Q38: Нужно проверить, еще не обработана | R38: Позиция добавлена из сводной 17.08.2026; RFI 1556(1) добавлен из сводной
A39: 2.17 | B39: Мачта антенная Ø50 мм | C39: МА50 | D39: шт | E39: 1 | G39: 0 | I39: 1700 | J39: 817-3120-АСУЭ-ВК-ЧНД | K39: Подписан | L39: =IF(F39="",IF(J39="-","Нет зав. №, нет АоРПИ","Нет зав. №"),IF(G39<E39,"Зав. № не все ("&G39&" из "&E39&")",IF(J39="-","Зав. № есть, АоРПИ нет",IF(K39="Подписан","ОК: зав. № + АоРПИ подписан","Зав. № есть, АоРПИ не подписан")))) | O39: CHENGDA-MU-IC-1700 | P39: 817-3120-АСУЭ-ВК-ЧНД | Q39: Документы есть, RFI не проведен. | R39: Позиция добавлена из сводной 17.08.2026; RFI 1700 добавлен из сводной; АоРПИ 817-3120-АСУЭ добавлен из сводной
A40: 2.18 | B40: Кронштейн-тренога для настенного крепления мачты | C40: МА41 | D40: шт | E40: 1 | G40: 0 | I40: 1700 | J40: 817-3120-АСУЭ-ВК-ЧНД | K40: Подписан | L40: =IF(F40="",IF(J40="-","Нет зав. №, нет АоРПИ","Нет зав. №"),IF(G40<E40,"Зав. № не все ("&G40&" из "&E40&")",IF(J40="-","Зав. № есть, АоРПИ нет",IF(K40="Подписан","ОК: зав. № + АоРПИ подписан","Зав. № есть, АоРПИ не подписан")))) | O40: CHENGDA-MU-IC-1700 | P40: 817-3120-АСУЭ-ВК-ЧНД | Q40: Документов нет | R40: Позиция добавлена из сводной 17.08.2026; RFI 1700 добавлен из сводной; АоРПИ 817-3120-АСУЭ добавлен из сводной
D41: Итого | E41: =SUM(E6:E40) | G41: =SUM(G6:G40)

Sheet 3120 АИИСКУЭ
A1: Титул 3120, раздел АИИСКУЭ — оборудование (раздел «Оборудование» спецификации), заводские номера и АоРПИ
A2: СО: 03-50-1200-44-АИИСКУЭ.В4-001, ревизия 4B (pdf, 13.08.2026) — сверено: шкафы те же (EPFASC, MC); изменены марки счётчиков и ноутбука АРМ инженера
A3: Зав. № и АоРПИ собраны из папок Nextcloud: 2.Incoming control (1.Closed — подписан, 2.Open — не подписан), 1.RFI/CHENGDA, _Текст для поиска. «-» в столбце АоРПИ — акта в папке ВК нет.
A5: Поз. / тег | B5: Наименование (по СО) | C5: Тип, марка | D5: Ед. | E5: Кол-во по СО | F5: Заводской № (пусто — не найден) | G5: Найдено зав. №, шт | H5: Источник зав. № | I5: RFI | J5: АоРПИ (- если нет) | K5: Статус АоРПИ | L5: Итог | M5: Примечание | N5: Паспорт (TP) | O5: RFI по сводной 17.08.2026 | P5: АоРПИ по сводной 17.08.2026 | Q5: Замечание из сводной 17.08.2026 | R5: Сверка со сводной 17.08.2026
A6: 3121EPFASC | B6: Шкаф системы АИИСКУЭ 2200х800х800 с сервером DEPO Storm | C6: БРСН.656453.998-25-033 (Бреслер-0117.948.01) | D6: компл. | E6: 1 | F6: 10589/44 | G6: 1 | H6: RFI 1556 | I6: 1556 | J6: 781-3120-АИИСКУЭ-ВК-ЧНД | K6: Не подписан | L6: =IF(F6="",IF(J6="-","Нет зав. №, нет АоРПИ","Нет зав. №"),IF(G6<E6,"Зав. № не все ("&G6&" из "&E6&")",IF(J6="-","Зав. № есть, АоРПИ нет",IF(K6="Подписан","ОК: зав. № + АоРПИ подписан","Зав. № есть, АоРПИ не подписан")))) | M6: В АоРПИ 781 зав. № не указан — дописать 10589/44 | O6: CHENGDA-MU-IC-1556 | P6: 781-3120-АИИСКУЭ-ВК-ЧНД | R6: Совпадает
A7: 3121MC | B7: Шкаф счётчиков 220 кВ 2200х800х600 | C7: БРСН.656453.998-25-032 (Бреслер-0117.985.03) | D7: компл. | E7: 1 | F7: 10589/43 | G7: 1 | H7: RFI 1556 | I7: 1556 | J7: - | K7: - | L7: =IF(F7="",IF(J7="-","Нет зав. №, нет АоРПИ","Нет зав. №"),IF(G7<E7,"Зав. № не все ("&G7&" из "&E7&")",IF(J7="-","Зав. № есть, АоРПИ нет",IF(K7="Подписан","ОК: зав. № + АоРПИ подписан","Зав. № есть, АоРПИ не подписан")))) | M7: АоРПИ нет | O7: CHENGDA-MU-IC-1556 | P7: 781-3120-АИИСКУЭ-ВК-ЧНД | R7: в сводной указан АоРПИ 781, но в нём только шкаф АИИСКУЭ — шкафа счётчиков в акте нет
A8: PIK4–PIK7 | B8: Счётчик электроэнергии 0,5S/1, 1/10 А, 2xRS485 | C8: СТЭМ-300.263SU (СИ-АРТ) | D8: шт | E8: 4 | G8: 0 | I8: 1556(1) | J8: - | K8: - | L8: =IF(F8="",IF(J8="-","Нет зав. №, нет АоРПИ","Нет зав. №"),IF(G8<E8,"Зав. № не все ("&G8&" из "&E8&")",IF(J8="-","Зав. № есть, АоРПИ нет",IF(K8="Подписан","ОК: зав. № + АоРПИ подписан","Зав. № есть, АоРПИ не подписан")))) | M8: Зав. № счётчиков не найдены. В СО 4А (.doc, 10.2025) было СТЭМ-300.255SU — по 4B марка изменена | O8: CHENGDA-MU-IC-1556 (1) | Q8: Нужно проверить, еще не обработана | R8: RFI 1556(1) добавлен из сводной
A9: PIK8, PIK9 | B9: Счётчик электроэнергии 0,5S/1, 5/10 А, 2xRS485 | C9: СТЭМ-300.153SU (СИ-АРТ) | D9: шт | E9: 2 | G9: 0 | I9: 1556(1) | J9: - | K9: - | L9: =IF(F9="",IF(J9="-","Нет зав. №, нет АоРПИ","Нет зав. №"),IF(G9<E9,"Зав. № не все ("&G9&" из "&E9&")",IF(J9="-","Зав. № есть, АоРПИ нет",IF(K9="Подписан","ОК: зав. № + АоРПИ подписан","Зав. № есть, АоРПИ не подписан")))) | M9: В СО 4А было СТЭМ-300.155SU — по 4B марка изменена | O9: CHENGDA-MU-IC-1556 (1) | Q9: Нужно проверить, еще не обработана | R9: RFI 1556(1) добавлен из сводной
A10: АРМ оператора | B10: Компьютер iRU Home 310H6SE | C10: iRU | D10: шт | E10: 1 | G10: 0 | I10: 1556(1) | J10: - | K10: - | L10: =IF(F10="",IF(J10="-","Нет зав. №, нет АоРПИ","Нет зав. №"),IF(G10<E10,"Зав. № не все ("&G10&" из "&E10&")",IF(J10="-","Зав. № есть, АоРПИ нет",IF(K10="Подписан","ОК: зав. № + АоРПИ подписан","Зав. № есть, АоРПИ не подписан")))) | O10: CHENGDA-MU-IC-1556 (1) | Q10: Нужно проверить, еще не обработана | R10: RFI 1556(1) добавлен из сводной
A11: АРМ оператора | B11: Монитор 23,8" ASUS VA24DQFR | C11: ASUS | D11: шт | E11: 2 | G11: 0 | I11: 1556(1) | J11: - | K11: - | L11: =IF(F11="",IF(J11="-","Нет зав. №, нет АоРПИ","Нет зав. №"),IF(G11<E11,"Зав. № не все ("&G11&" из "&E11&")",IF(J11="-","Зав. № есть, АоРПИ нет",IF(K11="Подписан","ОК: зав. № + АоРПИ подписан","Зав. № есть, АоРПИ не подписан")))) | O11: CHENGDA-MU-IC-1556 (1) | Q11: Нужно проверить, еще не обработана | R11: RFI 1556(1) добавлен из сводной
A12: АРМ оператора | B12: ИБП Ippon Smart Power Pro II 1200 | C12: IPPON | D12: шт | E12: 1 | G12: 0 | I12: 1556(1) | J12: - | K12: - | L12: =IF(F12="",IF(J12="-","Нет зав. №, нет АоРПИ","Нет зав. №"),IF(G12<E12,"Зав. № не все ("&G12&" из "&E12&")",IF(J12="-","Зав. № есть, АоРПИ нет",IF(K12="Подписан","ОК: зав. № + АоРПИ подписан","Зав. № есть, АоРПИ не подписан")))) | O12: CHENGDA-MU-IC-1556 (1) | Q12: Нужно проверить, еще не обработана | R12: RFI 1556(1) добавлен из сводной
A13: АРМ инженера | B13: Ноутбук Acer Aspire 5 A515-57-506D | C13: A515-57-506D | D13: шт | E13: 1 | G13: 0 | I13: 1556(1) | J13: - | K13: - | L13: =IF(F13="",IF(J13="-","Нет зав. №, нет АоРПИ","Нет зав. №"),IF(G13<E13,"Зав. № не все ("&G13&" из "&E13&")",IF(J13="-","Зав. № есть, АоРПИ нет",IF(K13="Подписан","ОК: зав. № + АоРПИ подписан","Зав. № есть, АоРПИ не подписан")))) | M13: В СО 4А было Acer Aspire 3 A317-55P — по 4B заменён | O13: CHENGDA-MU-IC-1556 (1) | Q13: Нужно проверить, еще не обработана | R13: RFI 1556(1) добавлен из сводной
A14: SG | B14: Коробка испытательная переходная | C14: КИП-С-IP20 (КЭАЗ) | D14: шт | E14: 6 | G14: 0 | I14: 1556(1) | J14: - | K14: - | L14: =IF(F14="",IF(J14="-","Нет зав. №, нет АоРПИ","Нет зав. №"),IF(G14<E14,"Зав. № не все ("&G14&" из "&E14&")",IF(J14="-","Зав. № есть, АоРПИ нет",IF(K14="Подписан","ОК: зав. № + АоРПИ подписан","Зав. № есть, АоРПИ не подписан")))) | O14: CHENGDA-MU-IC-1556 (1) | Q14: Документы есть, но RFI еще не проведен | R14: Позиция добавлена из сводной 17.08.2026; RFI 1556(1) добавлен из сводной
A15: — | B15: Разветвитель интерфейса RS-485/422 | C15: ПР-3 IP65 | D15: шт | E15: 6 | G15: 0 | I15: 1556(1) | J15: - | K15: - | L15: =IF(F15="",IF(J15="-","Нет зав. №, нет АоРПИ","Нет зав. №"),IF(G15<E15,"Зав. № не все ("&G15&" из "&E15&")",IF(J15="-","Зав. № есть, АоРПИ нет",IF(K15="Подписан","ОК: зав. № + АоРПИ подписан","Зав. № есть, АоРПИ не подписан")))) | O15: CHENGDA-MU-IC-1556 (1) | Q15: Нужно проверить, еще не обработана | R15: Позиция добавлена из сводной 17.08.2026; RFI 1556(1) добавлен из сводной
A16: — | B16: Догрузочный резистор 3х5 ВА | C16: МР 3021-Н-100/V3В-3х5 ВА | D16: шт | E16: 6 | G16: 0 | I16: 1556(1) | J16: - | K16: - | L16: =IF(F16="",IF(J16="-","Нет зав. №, нет АоРПИ","Нет зав. №"),IF(G16<E16,"Зав. № не все ("&G16&" из "&E16&")",IF(J16="-","Зав. № есть, АоРПИ нет",IF(K16="Подписан","ОК: зав. № + АоРПИ подписан","Зав. № есть, АоРПИ не подписан")))) | O16: CHENGDA-MU-IC-1556 (1) | Q16: Нужно проверить, еще не обработана | R16: Позиция добавлена из сводной 17.08.2026; RFI 1556(1) добавлен из сводной
A17: — | B17: Догрузочный резистор 3х10 ВА | C17: МР 3021-Н-100/V3В-3х10 ВА | D17: шт | E17: 4 | G17: 0 | I17: 1556(1) | J17: - | K17: - | L17: =IF(F17="",IF(J17="-","Нет зав. №, нет АоРПИ","Нет зав. №"),IF(G17<E17,"Зав. № не все ("&G17&" из "&E17&")",IF(J17="-","Зав. № есть, АоРПИ нет",IF(K17="Подписан","ОК: зав. № + АоРПИ подписан","Зав. № есть, АоРПИ не подписан")))) | O17: CHENGDA-MU-IC-1556 (1) | Q17: Нужно проверить, еще не обработана | R17: Позиция добавлена из сводной 17.08.2026; RFI 1556(1) добавлен из сводной
A18: — | B18: Догрузочный резистор 4 ВА | C18: МР 3021-Т-1А-4ВА | D18: шт | E18: 21 | G18: 0 | I18: 1556(1) | J18: - | K18: - | L18: =IF(F18="",IF(J18="-","Нет зав. №, нет АоРПИ","Нет зав. №"),IF(G18<E18,"Зав. № не все ("&G18&" из "&E18&")",IF(J18="-","Зав. № есть, АоРПИ нет",IF(K18="Подписан","ОК: зав. № + АоРПИ подписан","Зав. № есть, АоРПИ не подписан")))) | O18: CHENGDA-MU-IC-1556 (1) | Q18: Нужно проверить, еще не обработана | R18: Позиция добавлена из сводной 17.08.2026; RFI 1556(1) добавлен из сводной
A19: АРМ оператора | B19: ОС Astra Linux SE (Орёл) | C19: РусБИТех-Астра | D19: шт | E19: 1 | G19: 0 | I19: 1556(1) | J19: - | K19: - | L19: =IF(F19="",IF(J19="-","Нет зав. №, нет АоРПИ","Нет зав. №"),IF(G19<E19,"Зав. № не все ("&G19&" из "&E19&")",IF(J19="-","Зав. № есть, АоРПИ нет",IF(K19="Подписан","ОК: зав. № + АоРПИ подписан","Зав. № есть, АоРПИ не подписан")))) | O19: CHENGDA-MU-IC-1556 (1) | Q19: Нужно проверить, еще не обработана | R19: Позиция добавлена из сводной 17.08.2026; RFI 1556(1) добавлен из сводной
A20: АРМ оператора | B20: Комплект клавиатура + мышь | C20: A4TECH KK-3330S | D20: шт | E20: 1 | G20: 0 | I20: 1556(1) | J20: - | K20: - | L20: =IF(F20="",IF(J20="-","Нет зав. №, нет АоРПИ","Нет зав. №"),IF(G20<E20,"Зав. № не все ("&G20&" из "&E20&")",IF(J20="-","Зав. № есть, АоРПИ нет",IF(K20="Подписан","ОК: зав. № + АоРПИ подписан","Зав. № есть, АоРПИ не подписан")))) | O20: CHENGDA-MU-IC-1556 (1) | Q20: Нужно проверить, еще не обработана | R20: Позиция добавлена из сводной 17.08.2026; RFI 1556(1) добавлен из сводной
A21: АРМ оператора | B21: Колонки | C21: Sven 230 | D21: шт | E21: 1 | G21: 0 | I21: 1556(1) | J21: - | K21: - | L21: =IF(F21="",IF(J21="-","Нет зав. №, нет АоРПИ","Нет зав. №"),IF(G21<E21,"Зав. № не все ("&G21&" из "&E21&")",IF(J21="-","Зав. № есть, АоРПИ нет",IF(K21="Подписан","ОК: зав. № + АоРПИ подписан","Зав. № есть, АоРПИ не подписан")))) | O21: CHENGDA-MU-IC-1556 (1) | Q21: Нужно проверить, еще не обработана | R21: Позиция добавлена из сводной 17.08.2026; RFI 1556(1) добавлен из сводной
A22: АРМ инженера | B22: Кабель DB9–USB | C22: UGREEN CR104 | D22: шт | E22: 1 | G22: 0 | I22: 1556(1) | J22: - | K22: - | L22: =IF(F22="",IF(J22="-","Нет зав. №, нет АоРПИ","Нет зав. №"),IF(G22<E22,"Зав. № не все ("&G22&" из "&E22&")",IF(J22="-","Зав. № есть, АоРПИ нет",IF(K22="Подписан","ОК: зав. № + АоРПИ подписан","Зав. № есть, АоРПИ не подписан")))) | O22: CHENGDA-MU-IC-1556 (1) | Q22: Нужно проверить, еще не обработана | R22: Позиция добавлена из сводной 17.08.2026; RFI 1556(1) добавлен из сводной
A23: АРМ инженера | B23: Мышь беспроводная | C23: A4TECH Fstyler FG10S | D23: шт | E23: 1 | G23: 0 | I23: 1556(1) | J23: - | K23: - | L23: =IF(F23="",IF(J23="-","Нет зав. №, нет АоРПИ","Нет зав. №"),IF(G23<E23,"Зав. № не все ("&G23&" из "&E23&")",IF(J23="-","Зав. № есть, АоРПИ нет",IF(K23="Подписан","ОК: зав. № + АоРПИ подписан","Зав. № есть, АоРПИ не подписан")))) | O23: CHENGDA-MU-IC-1556 (1) | Q23: Нужно проверить, еще не обработана | R23: Позиция добавлена из сводной 17.08.2026; RFI 1556(1) добавлен из сводной
A24: АРМ инженера | B24: Сумка для ноутбука 17,3" | C24: Continent CC-018 | D24: шт | E24: 1 | G24: 0 | I24: - | J24: - | K24: - | L24: =IF(F24="",IF(J24="-","Нет зав. №, нет АоРПИ","Нет зав. №"),IF(G24<E24,"Зав. № не все ("&G24&" из "&E24&")",IF(J24="-","Зав. № есть, АоРПИ нет",IF(K24="Подписан","ОК: зав. № + АоРПИ подписан","Зав. № есть, АоРПИ не подписан")))) | R24: Позиция добавлена из сводной 17.08.2026
D25: Итого | E25: =SUM(E6:E24) | G25: =SUM(G6:G24)

Sheet 3120 ЭО
A1: Титул 3120, раздел ЭО — оборудование (раздел «Оборудование» спецификации), заводские номера и АоРПИ
A2: СО: E19006-CXPP-3120-ЭО.СО-001, ревизия 4А (.xlsx)
A3: Зав. № и АоРПИ собраны из папок Nextcloud: 2.Incoming control (1.Closed — подписан, 2.Open — не подписан), 1.RFI/CHENGDA, _Текст для поиска. «-» в столбце АоРПИ — акта в папке ВК нет.
A5: Поз. / тег | B5: Наименование (по СО) | C5: Тип, марка | D5: Ед. | E5: Кол-во по СО | F5: Заводской № (пусто — не найден) | G5: Найдено зав. №, шт | H5: Источник зав. № | I5: RFI | J5: АоРПИ (- если нет) | K5: Статус АоРПИ | L5: Итог | M5: Примечание | N5: Паспорт (TP) | O5: RFI по сводной 17.08.2026 | P5: АоРПИ по сводной 17.08.2026 | Q5: Замечание из сводной 17.08.2026 | R5: Сверка со сводной 17.08.2026
A6: 1.1 DY2.2N | B6: Пункт распределительный навесной 400 В (вводной) | C6: 03-90-1200-28-ЭО-002 | D6: шт | E6: 1 | G6: 0 | I6: 1541 | J6: - | K6: - | L6: =IF(F6="",IF(J6="-","Нет зав. №, нет АоРПИ","Нет зав. №"),IF(G6<E6,"Зав. № не все ("&G6&" из "&E6&")",IF(J6="-","Зав. № есть, АоРПИ нет",IF(K6="Подписан","ОК: зав. № + АоРПИ подписан","Зав. № есть, АоРПИ не подписан")))) | O6: CHENGDA-MU-IC-1541 | P6: нет, акт рабочий лист | Q6: Документов нет, есть серьезные замечания к шкафам. | R6: RFI 1541 добавлен из сводной
A7: 1.2 DY1.1N…DY1.6N | B7: Пункт распределительный навесной 400 В | C7: 03-90-1200-28-ЭО-002 | D7: шт | E7: 6 | G7: 0 | I7: 1541 | J7: - | K7: - | L7: =IF(F7="",IF(J7="-","Нет зав. №, нет АоРПИ","Нет зав. №"),IF(G7<E7,"Зав. № не все ("&G7&" из "&E7&")",IF(J7="-","Зав. № есть, АоРПИ нет",IF(K7="Подписан","ОК: зав. № + АоРПИ подписан","Зав. № есть, АоРПИ не подписан")))) | O7: CHENGDA-MU-IC-1541 | P7: нет, акт рабочий лист | Q7: Документов нет, есть серьезные замечания к шкафам. | R7: RFI 1541 добавлен из сводной
A8: 1.3 DS2.1N | B8: Вводно-распределительное устройство 100 А (щит освещения) | C8: 03-90-1200-28-ЭО-002 | D8: шт | E8: 1 | G8: 0 | I8: 1541 | J8: - | K8: - | L8: =IF(F8="",IF(J8="-","Нет зав. №, нет АоРПИ","Нет зав. №"),IF(G8<E8,"Зав. № не все ("&G8&" из "&E8&")",IF(J8="-","Зав. № есть, АоРПИ нет",IF(K8="Подписан","ОК: зав. № + АоРПИ подписан","Зав. № есть, АоРПИ не подписан")))) | O8: CHENGDA-MU-IC-1541 | P8: нет, акт рабочий лист | Q8: Документов нет | R8: RFI 1541 добавлен из сводной
A9: 1.4 DS2.2N | B9: Вводно-распределительное устройство 100 А (щит освещения) | C9: 03-90-1200-28-ЭО-002 | D9: шт | E9: 1 | G9: 0 | I9: 1541 | J9: - | K9: - | L9: =IF(F9="",IF(J9="-","Нет зав. №, нет АоРПИ","Нет зав. №"),IF(G9<E9,"Зав. № не все ("&G9&" из "&E9&")",IF(J9="-","Зав. № есть, АоРПИ нет",IF(K9="Подписан","ОК: зав. № + АоРПИ подписан","Зав. № есть, АоРПИ не подписан")))) | O9: CHENGDA-MU-IC-1541 | P9: нет, акт рабочий лист | Q9: Документов нет | R9: RFI 1541 добавлен из сводной
A10: 3.1 | B10: Светильник светодиодный, накладной, опал. рассеиватель | C10: Тип 1 | D10: шт | E10: 62 | G10: 0 | I10: 1408-1, 1449-1, 1565-1, 1408, 1449 | J10: 1070-3120-ЭО-ВК-ЧНД | K10: Не подписан | L10: =IF(F10="",IF(J10="-","Нет зав. №, нет АоРПИ","Нет зав. №"),IF(G10<E10,"Зав. № не все ("&G10&" из "&E10&")",IF(J10="-","Зав. № есть, АоРПИ нет",IF(K10="Подписан","ОК: зав. № + АоРПИ подписан","Зав. № есть, АоРПИ не подписан")))) | M10: Светильники по RFI 1408-1/1449-1/1565-1 (типы SZSW/SW1230) — соответствие типам СО не подтверждено; зав. № на светильники в документах не указываются | O10: CHENGDA-MU-IC-1408 / CHENGDA-MU-IC-1449 | P10: 1070-3120-ЭО-ВК-ЧНД | Q10: Светильники приняты, но они напрямую вс не соответствуют, нужно будет TQ/ Это моя ошибка. | R10: RFI 1408 добавлен из сводной; RFI 1449 добавлен из сводной
A11: 3.2 | B11: Светильник светодиодный, накладной, с БАП | C11: Тип 1.1 | D11: шт | E11: 46 | G11: 0 | I11: 1408-1, 1449-1, 1565-1, 1408, 1449 | J11: - | K11: - | L11: =IF(F11="",IF(J11="-","Нет зав. №, нет АоРПИ","Нет зав. №"),IF(G11<E11,"Зав. № не все ("&G11&" из "&E11&")",IF(J11="-","Зав. № есть, АоРПИ нет",IF(K11="Подписан","ОК: зав. № + АоРПИ подписан","Зав. № есть, АоРПИ не подписан")))) | O11: CHENGDA-MU-IC-1408 / CHENGDA-MU-IC-1449 | Q11: Светильники приняты, но они напрямую вс не соответствуют, нужно будет TQ/ Это моя ошибка. | R11: RFI 1408 добавлен из сводной; RFI 1449 добавлен из сводной; АоРПИ по светильникам принят по сводной: -
A12: 3.3 | B12: Светильник светодиодный, накладной, микропризма | C12: Тип 2 | D12: шт | E12: 18 | G12: 0 | I12: 1408-1, 1449-1, 1565-1, 1408, 1449 | J12: - | K12: - | L12: =IF(F12="",IF(J12="-","Нет зав. №, нет АоРПИ","Нет зав. №"),IF(G12<E12,"Зав. № не все ("&G12&" из "&E12&")",IF(J12="-","Зав. № есть, АоРПИ нет",IF(K12="Подписан","ОК: зав. № + АоРПИ подписан","Зав. № есть, АоРПИ не подписан")))) | O12: CHENGDA-MU-IC-1408 / CHENGDA-MU-IC-1449 | Q12: Светильники приняты, но они напрямую вс не соответствуют, нужно будет TQ/ Это моя ошибка. | R12: RFI 1408 добавлен из сводной; RFI 1449 добавлен из сводной
A13: 3.4 | B13: Светильник светодиодный, накладной, микропризма, с БАП | C13: Тип 2.1 | D13: шт | E13: 15 | G13: 0 | I13: 1408-1, 1449-1, 1565-1, 1408, 1449 | J13: - | K13: - | L13: =IF(F13="",IF(J13="-","Нет зав. №, нет АоРПИ","Нет зав. №"),IF(G13<E13,"Зав. № не все ("&G13&" из "&E13&")",IF(J13="-","Зав. № есть, АоРПИ нет",IF(K13="Подписан","ОК: зав. № + АоРПИ подписан","Зав. № есть, АоРПИ не подписан")))) | O13: CHENGDA-MU-IC-1408 / CHENGDA-MU-IC-1449 | Q13: Светильники приняты, но они напрямую вс не соответствуют, нужно будет TQ/ Это моя ошибка. | R13: RFI 1408 добавлен из сводной; RFI 1449 добавлен из сводной
A14: 3.5 | B14: Светильник светодиодный, накладной 2200 лм | C14: Тип 4 | D14: шт | E14: 31 | G14: 0 | I14: 1408-1, 1449-1, 1565-1, 1408 | J14: 1070-3120-ЭО-ВК-ЧНД | K14: Не подписан | L14: =IF(F14="",IF(J14="-","Нет зав. №, нет АоРПИ","Нет зав. №"),IF(G14<E14,"Зав. № не все ("&G14&" из "&E14&")",IF(J14="-","Зав. № есть, АоРПИ нет",IF(K14="Подписан","ОК: зав. № + АоРПИ подписан","Зав. № есть, АоРПИ не подписан")))) | O14: CHENGDA-MU-IC-1408 | P14: 1070-3120-ЭО-ВК-ЧНД | Q14: Светильники приняты, но они напрямую вс не соответствуют, нужно будет TQ/ Это моя ошибка. | R14: RFI 1408 добавлен из сводной; АоРПИ по светильникам принят по сводной: 1070-3120-ЭО-ВК-ЧНД
A15: 3.6 | B15: Светильник светодиодный, накладной 2200 лм, с БАП | C15: Тип 4.1 | D15: шт | E15: 9 | G15: 0 | I15: 1408-1, 1449-1, 1565-1, 1408, 1449 | J15: - | K15: - | L15: =IF(F15="",IF(J15="-","Нет зав. №, нет АоРПИ","Нет зав. №"),IF(G15<E15,"Зав. № не все ("&G15&" из "&E15&")",IF(J15="-","Зав. № есть, АоРПИ нет",IF(K15="Подписан","ОК: зав. № + АоРПИ подписан","Зав. № есть, АоРПИ не подписан")))) | O15: CHENGDA-MU-IC-1408 / CHENGDA-MU-IC-1449 | Q15: Светильники приняты, но они напрямую вс не соответствуют, нужно будет TQ/ Это моя ошибка. | R15: RFI 1408 добавлен из сводной; RFI 1449 добавлен из сводной
A16: 3.7 | B16: Светильник светодиодный, накладной 3300 лм | C16: Тип 5 | D16: шт | E16: 27 | G16: 0 | I16: 1408-1, 1449-1, 1565-1, 1408, 1449 | J16: - | K16: - | L16: =IF(F16="",IF(J16="-","Нет зав. №, нет АоРПИ","Нет зав. №"),IF(G16<E16,"Зав. № не все ("&G16&" из "&E16&")",IF(J16="-","Зав. № есть, АоРПИ нет",IF(K16="Подписан","ОК: зав. № + АоРПИ подписан","Зав. № есть, АоРПИ не подписан")))) | O16: CHENGDA-MU-IC-1408 / CHENGDA-MU-IC-1449 | Q16: Светильники приняты, но они напрямую вс не соответствуют, нужно будет TQ/ Это моя ошибка. | R16: RFI 1408 добавлен из сводной; RFI 1449 добавлен из сводной
A17: 3.8 | B17: Светильник светодиодный, накладной 3300 лм, с БАП | C17: Тип 5.1 | D17: шт | E17: 7 | G17: 0 | I17: 1408-1, 1449-1, 1565-1, 1408, 1449 | J17: - | K17: - | L17: =IF(F17="",IF(J17="-","Нет зав. №, нет АоРПИ","Нет зав. №"),IF(G17<E17,"Зав. № не все ("&G17&" из "&E17&")",IF(J17="-","Зав. № есть, АоРПИ нет",IF(K17="Подписан","ОК: зав. № + АоРПИ подписан","Зав. № есть, АоРПИ не подписан")))) | O17: CHENGDA-MU-IC-1408 / CHENGDA-MU-IC-1449 | Q17: Светильники приняты, но они напрямую вс не соответствуют, нужно будет TQ/ Это моя ошибка. | R17: RFI 1408 добавлен из сводной; RFI 1449 добавлен из сводной
A18: 3.9 | B18: Светильник светодиодный, накладной 1900 лм | C18: Тип 6 | D18: шт | E18: 21 | G18: 0 | I18: 1408-1, 1449-1, 1565-1, 1408, 1449 | J18: 1070-3120-ЭО-ВК-ЧНД | K18: Не подписан | L18: =IF(F18="",IF(J18="-","Нет зав. №, нет АоРПИ","Нет зав. №"),IF(G18<E18,"Зав. № не все ("&G18&" из "&E18&")",IF(J18="-","Зав. № есть, АоРПИ нет",IF(K18="Подписан","ОК: зав. № + АоРПИ подписан","Зав. № есть, АоРПИ не подписан")))) | O18: CHENGDA-MU-IC-1408 / CHENGDA-MU-IC-1449 | P18: 1070-3120-ЭО-ВК-ЧНД | Q18: Светильники приняты, но они напрямую вс не соответствуют, нужно будет TQ/ Это моя ошибка. | R18: RFI 1408 добавлен из сводной; RFI 1449 добавлен из сводной; АоРПИ по светильникам принят по сводной: 1070-3120-ЭО-ВК-ЧНД
A19: 3.10 | B19: Светильник светодиодный, накладной 1700 лм | C19: Тип 7 | D19: шт | E19: 4 | G19: 0 | I19: 1408-1, 1449-1, 1565-1, 1408, 1449 | J19: - | K19: - | L19: =IF(F19="",IF(J19="-","Нет зав. №, нет АоРПИ","Нет зав. №"),IF(G19<E19,"Зав. № не все ("&G19&" из "&E19&")",IF(J19="-","Зав. № есть, АоРПИ нет",IF(K19="Подписан","ОК: зав. № + АоРПИ подписан","Зав. № есть, АоРПИ не подписан")))) | O19: CHENGDA-MU-IC-1408 / CHENGDA-MU-IC-1449 | Q19: Светильники приняты, но они напрямую вс не соответствуют, нужно будет TQ/ Это моя ошибка. | R19: RFI 1408 добавлен из сводной; RFI 1449 добавлен из сводной
A20: 3.11 | B20: Светильник светодиодный, накладной 1200 лм | C20: Тип 8 | D20: шт | E20: 7 | G20: 0 | I20: 1408-1, 1449-1, 1565-1, 1408, 1449 | J20: 1070-3120-ЭО-ВК-ЧНД | K20: Не подписан | L20: =IF(F20="",IF(J20="-","Нет зав. №, нет АоРПИ","Нет зав. №"),IF(G20<E20,"Зав. № не все ("&G20&" из "&E20&")",IF(J20="-","Зав. № есть, АоРПИ нет",IF(K20="Подписан","ОК: зав. № + АоРПИ подписан","Зав. № есть, АоРПИ не подписан")))) | O20: CHENGDA-MU-IC-1408 / CHENGDA-MU-IC-1449 | P20: 1070-3120-ЭО-ВК-ЧНД | Q20: Светильники приняты, но они напрямую вс не соответствуют, нужно будет TQ/ Это моя ошибка. | R20: RFI 1408 добавлен из сводной; RFI 1449 добавлен из сводной; АоРПИ по светильникам принят по сводной: 1070-3120-ЭО-ВК-ЧНД
A21: 3.12 | B21: Светильник светодиодный, прожектор 7600 лм | C21: Тип 9 | D21: шт | E21: 22 | G21: 0 | I21: 1408-1, 1449-1, 1565-1, 1408, 1449 | J21: 1070-3120-ЭО-ВК-ЧНД | K21: Не подписан | L21: =IF(F21="",IF(J21="-","Нет зав. №, нет АоРПИ","Нет зав. №"),IF(G21<E21,"Зав. № не все ("&G21&" из "&E21&")",IF(J21="-","Зав. № есть, АоРПИ нет",IF(K21="Подписан","ОК: зав. № + АоРПИ подписан","Зав. № есть, АоРПИ не подписан")))) | O21: CHENGDA-MU-IC-1408 / CHENGDA-MU-IC-1449 | P21: 1070-3120-ЭО-ВК-ЧНД | Q21: Светильники приняты, но они напрямую вс не соответствуют, нужно будет TQ/ Это моя ошибка. | R21: RFI 1408 добавлен из сводной; RFI 1449 добавлен из сводной; АоРПИ по светильникам принят по сводной: 1070-3120-ЭО-ВК-ЧНД
A22: 3.13 | B22: Светильник светодиодный, встраиваемый 2000 лм | C22: Тип 10 | D22: шт | E22: 9 | G22: 0 | I22: 1408-1, 1449-1, 1565-1, 1408, 1449 | J22: - | K22: - | L22: =IF(F22="",IF(J22="-","Нет зав. №, нет АоРПИ","Нет зав. №"),IF(G22<E22,"Зав. № не все ("&G22&" из "&E22&")",IF(J22="-","Зав. № есть, АоРПИ нет",IF(K22="Подписан","ОК: зав. № + АоРПИ подписан","Зав. № есть, АоРПИ не подписан")))) | O22: CHENGDA-MU-IC-1408 / CHENGDA-MU-IC-1449 | Q22: Светильники приняты, но они напрямую вс не соответствуют, нужно будет TQ/ Это моя ошибка. | R22: RFI 1408 добавлен из сводной; RFI 1449 добавлен из сводной
A23: 3.14 | B23: Светильник светодиодный, встраиваемый, с БАП | C23: Тип 10.1 | D23: шт | E23: 1 | G23: 0 | I23: 1408-1, 1449-1, 1565-1, 1408, 1449 | J23: 1070-3120-ЭО-ВК-ЧНД | K23: Не подписан | L23: =IF(F23="",IF(J23="-","Нет зав. №, нет АоРПИ","Нет зав. №"),IF(G23<E23,"Зав. № не все ("&G23&" из "&E23&")",IF(J23="-","Зав. № есть, АоРПИ нет",IF(K23="Подписан","ОК: зав. № + АоРПИ подписан","Зав. № есть, АоРПИ не подписан")))) | O23: CHENGDA-MU-IC-1408 / CHENGDA-MU-IC-1449 | P23: 1070-3120-ЭО-ВК-ЧНД | Q23: Светильники приняты, но они напрямую вс не соответствуют, нужно будет TQ/ Это моя ошибка. | R23: RFI 1408 добавлен из сводной; RFI 1449 добавлен из сводной; АоРПИ по светильникам принят по сводной: 1070-3120-ЭО-ВК-ЧНД
A24: 3.15 | B24: Светильник светодиодный, встраиваемый 3400 лм | C24: Тип 11 | D24: шт | E24: 4 | G24: 0 | I24: 1408-1, 1449-1, 1565-1, 1408, 1449 | J24: - | K24: - | L24: =IF(F24="",IF(J24="-","Нет зав. №, нет АоРПИ","Нет зав. №"),IF(G24<E24,"Зав. № не все ("&G24&" из "&E24&")",IF(J24="-","Зав. № есть, АоРПИ нет",IF(K24="Подписан","ОК: зав. № + АоРПИ подписан","Зав. № есть, АоРПИ не подписан")))) | O24: CHENGDA-MU-IC-1408 / CHENGDA-MU-IC-1449 | Q24: Светильники приняты, но они напрямую вс не соответствуют, нужно будет TQ/ Это моя ошибка. | R24: RFI 1408 добавлен из сводной; RFI 1449 добавлен из сводной
A25: 3.16 | B25: Светильник светодиодный, встраиваемый 3400 лм, с БАП | C25: Тип 11.1 | D25: шт | E25: 1 | G25: 0 | I25: 1408-1, 1449-1, 1565-1, 1408, 1449 | J25: 1070-3120-ЭО-ВК-ЧНД | K25: Не подписан | L25: =IF(F25="",IF(J25="-","Нет зав. №, нет АоРПИ","Нет зав. №"),IF(G25<E25,"Зав. № не все ("&G25&" из "&E25&")",IF(J25="-","Зав. № есть, АоРПИ нет",IF(K25="Подписан","ОК: зав. № + АоРПИ подписан","Зав. № есть, АоРПИ не подписан")))) | O25: CHENGDA-MU-IC-1408 / CHENGDA-MU-IC-1449 | P25: 1070-3120-ЭО-ВК-ЧНД | Q25: Светильники приняты, но они напрямую вс не соответствуют, нужно будет TQ/ Это моя ошибка. | R25: RFI 1408 добавлен из сводной; RFI 1449 добавлен из сводной; АоРПИ по светильникам принят по сводной: 1070-3120-ЭО-ВК-ЧНД
A26: 3.17 | B26: Светильник светодиодный, на консоль 3400 лм | C26: Тип 12 | D26: шт | E26: 6 | G26: 0 | I26: 1408-1, 1449-1, 1565-1, 1408, 1449 | J26: - | K26: - | L26: =IF(F26="",IF(J26="-","Нет зав. №, нет АоРПИ","Нет зав. №"),IF(G26<E26,"Зав. № не все ("&G26&" из "&E26&")",IF(J26="-","Зав. № есть, АоРПИ нет",IF(K26="Подписан","ОК: зав. № + АоРПИ подписан","Зав. № есть, АоРПИ не подписан")))) | O26: CHENGDA-MU-IC-1408 / CHENGDA-MU-IC-1449 | Q26: Светильники приняты, но они напрямую вс не соответствуют, нужно будет TQ/ Это моя ошибка. | R26: RFI 1408 добавлен из сводной; RFI 1449 добавлен из сводной
A27: 3.18 | B27: Светильник светодиодный, прожектор 450 Вт IP67 | C27: Тип 13 | D27: шт | E27: 18 | G27: 0 | I27: 1408-1, 1449-1, 1565-1, 1408 | J27: - | K27: - | L27: =IF(F27="",IF(J27="-","Нет зав. №, нет АоРПИ","Нет зав. №"),IF(G27<E27,"Зав. № не все ("&G27&" из "&E27&")",IF(J27="-","Зав. № есть, АоРПИ нет",IF(K27="Подписан","ОК: зав. № + АоРПИ подписан","Зав. № есть, АоРПИ не подписан")))) | O27: CHENGDA-MU-IC-1408 | P27: нет, акт рабочий лист | Q27: Светильники приняты, но они напрямую вс не соответствуют, нужно будет TQ/ Это моя ошибка. | R27: RFI 1408 добавлен из сводной
A28: — | B28: Ящик с понижающим трансформатором | C28: ЯТП-0,25 230/24 | D28: шт | E28: 9 | G28: 0 | I28: 1545, 1541 | J28: - | K28: - | L28: =IF(F28="",IF(J28="-","Нет зав. №, нет АоРПИ","Нет зав. №"),IF(G28<E28,"Зав. № не все ("&G28&" из "&E28&")",IF(J28="-","Зав. № есть, АоРПИ нет",IF(K28="Подписан","ОК: зав. № + АоРПИ подписан","Зав. № есть, АоРПИ не подписан")))) | M28: RFI 1545 принят; АоРПИ нет | O28: CHENGDA-MU-IC-1541 | R28: RFI 1541 добавлен из сводной
A29: — | B29: Блок аварийного питания для LED-светильников 70 Вт | C29: CONVERSION KIT LED 70W | D29: шт | E29: 2 | G29: 0 | I29: 1642 | J29: 823-3120-ЭО-ВК-ЧНД | K29: Подписан | L29: =IF(F29="",IF(J29="-","Нет зав. №, нет АоРПИ","Нет зав. №"),IF(G29<E29,"Зав. № не все ("&G29&" из "&E29&")",IF(J29="-","Зав. № есть, АоРПИ нет",IF(K29="Подписан","ОК: зав. № + АоРПИ подписан","Зав. № есть, АоРПИ не подписан")))) | M29: Также БАП 200 Вт — 5 шт, 120 Вт — 1 шт, АоРПИ нет | O29: CHENGDA-MU-IC-1642 | P29: 823-3120-ЭО-ВК-ЧНД | Q29: Документы у меня есть, но RFI не проведен. | R29: RFI 1642 добавлен из сводной
A30: 3.24 БАП-1… | B30: Блок аварийного питания для LED-светильников до 200 Вт, 1 ч | D30: шт | E30: 5 | G30: 0 | I30: 1642 | J30: 823-3120-ЭО-ВК-ЧНД | K30: Подписан | L30: =IF(F30="",IF(J30="-","Нет зав. №, нет АоРПИ","Нет зав. №"),IF(G30<E30,"Зав. № не все ("&G30&" из "&E30&")",IF(J30="-","Зав. № есть, АоРПИ нет",IF(K30="Подписан","ОК: зав. № + АоРПИ подписан","Зав. № есть, АоРПИ не подписан")))) | O30: CHENGDA-MU-IC-1642 | P30: 823-3120-ЭО-ВК-ЧНД | Q30: Документы у меня есть, но RFI не проведен. | R30: Позиция добавлена из сводной 17.08.2026; RFI 1642 добавлен из сводной; АоРПИ 823-3120-ЭО добавлен из сводной
A31: 3.25 БАП-4 | B31: Блок аварийного питания для LED-светильников до 120 Вт, 1 ч | D31: шт | E31: 1 | G31: 0 | I31: 1642 | J31: 823-3120-ЭО-ВК-ЧНД | K31: Подписан | L31: =IF(F31="",IF(J31="-","Нет зав. №, нет АоРПИ","Нет зав. №"),IF(G31<E31,"Зав. № не все ("&G31&" из "&E31&")",IF(J31="-","Зав. № есть, АоРПИ нет",IF(K31="Подписан","ОК: зав. № + АоРПИ подписан","Зав. № есть, АоРПИ не подписан")))) | O31: CHENGDA-MU-IC-1642 | P31: 823-3120-ЭО-ВК-ЧНД | Q31: Документы у меня есть, но RFI не проведен. | R31: Позиция добавлена из сводной 17.08.2026; RFI 1642 добавлен из сводной; АоРПИ 823-3120-ЭО добавлен из сводной
D32: Итого | E32: =SUM(E6:E31) | G32: =SUM(G6:G31)

Sheet 3120 СС
A1: Титул 3120, раздел СС — оборудование (раздел «Оборудование» спецификации), заводские номера и АоРПИ
A2: СО: 03-91-1200-01-СС.СО-001, ревизия 5 (.docx)
A3: Зав. № и АоРПИ собраны из папок Nextcloud: 2.Incoming control (1.Closed — подписан, 2.Open — не подписан), 1.RFI/CHENGDA, _Текст для поиска. «-» в столбце АоРПИ — акта в папке ВК нет.
A5: Поз. / тег | B5: Наименование (по СО) | C5: Тип, марка | D5: Ед. | E5: Кол-во по СО | F5: Заводской № (пусто — не найден) | G5: Найдено зав. №, шт | H5: Источник зав. № | I5: RFI | J5: АоРПИ (- если нет) | K5: Статус АоРПИ | L5: Итог | M5: Примечание | N5: Паспорт (TP) | O5: RFI по сводной 17.08.2026 | P5: АоРПИ по сводной 17.08.2026 | Q5: Замечание из сводной 17.08.2026 | R5: Сверка со сводной 17.08.2026
A6: SW4051-1, SW4031-1 | B6: Коммутатор L3 PoE 48 портов (в составе: коммутатор, 2 БП, сертификат) | D6: компл. | E6: 2 | G6: 0 | I6: 1828 | J6: - | K6: - | L6: =IF(F6="",IF(J6="-","Нет зав. №, нет АоРПИ","Нет зав. №"),IF(G6<E6,"Зав. № не все ("&G6&" из "&E6&")",IF(J6="-","Зав. № есть, АоРПИ нет",IF(K6="Подписан","ОК: зав. № + АоРПИ подписан","Зав. № есть, АоРПИ не подписан")))) | M6: Для тит. 4051/4031 (в составе СО 3120 СС) | R6: В сводной 17.08.2026 позиции нет
A7: 3.5 | B7: Мобильный АРМ 13,4" | D7: шт | E7: 2 | G7: 0 | I7: - | J7: - | K7: - | L7: =IF(F7="",IF(J7="-","Нет зав. №, нет АоРПИ","Нет зав. №"),IF(G7<E7,"Зав. № не все ("&G7&" из "&E7&")",IF(J7="-","Зав. № есть, АоРПИ нет",IF(K7="Подписан","ОК: зав. № + АоРПИ подписан","Зав. № есть, АоРПИ не подписан")))) | R7: В сводной 17.08.2026 позиции нет
A8: 4.2 | B8: Модуль расширения для телефонов QVP-300P/600P | D8: шт | E8: 1 | G8: 0 | I8: - | J8: - | K8: - | L8: =IF(F8="",IF(J8="-","Нет зав. №, нет АоРПИ","Нет зав. №"),IF(G8<E8,"Зав. № не все ("&G8&" из "&E8&")",IF(J8="-","Зав. № есть, АоРПИ нет",IF(K8="Подписан","ОК: зав. № + АоРПИ подписан","Зав. № есть, АоРПИ не подписан")))) | R8: В сводной 17.08.2026 позиции нет
D9: Итого | E9: =SUM(E6:E8) | G9: =SUM(G6:G8)

Sheet 3121 СС
A1: Титул 3121, раздел СС — оборудование (раздел «Оборудование» спецификации), заводские номера и АоРПИ
A2: СО: 03-91-1201-44-СС.СО-001, ревизия 5А (.docx)
A3: Зав. № и АоРПИ собраны из папок Nextcloud: 2.Incoming control (1.Closed — подписан, 2.Open — не подписан), 1.RFI/CHENGDA, _Текст для поиска. «-» в столбце АоРПИ — акта в папке ВК нет.
A5: Поз. / тег | B5: Наименование (по СО) | C5: Тип, марка | D5: Ед. | E5: Кол-во по СО | F5: Заводской № (пусто — не найден) | G5: Найдено зав. №, шт | H5: Источник зав. № | I5: RFI | J5: АоРПИ (- если нет) | K5: Статус АоРПИ | L5: Итог | M5: Примечание | N5: Паспорт (TP) | O5: RFI по сводной 17.08.2026 | P5: АоРПИ по сводной 17.08.2026 | Q5: Замечание из сводной 17.08.2026 | R5: Сверка со сводной 17.08.2026
A6: 1.1 | B6: Шкаф телекоммуникационный 42U 800х800 | C6: ШТК-Э-42.8.8-13АА (ЦМО) | D6: шт | E6: 3 | G6: 0 | I6: 1828 | J6: - | K6: - | L6: =IF(F6="",IF(J6="-","Нет зав. №, нет АоРПИ","Нет зав. №"),IF(G6<E6,"Зав. № не все ("&G6&" из "&E6&")",IF(J6="-","Зав. № есть, АоРПИ нет",IF(K6="Подписан","ОК: зав. № + АоРПИ подписан","Зав. № есть, АоРПИ не подписан")))) | M6: RFI 1828 (шкафы 42U — 3 шт) отклонён. В паспортах ЦМО (PO-219-TP-0001 1B, стр. 149–168) зав. № не проставлен — только штамп ОТК 03.09.2025; запросить у поставщика | N6: PO-219-TP-0001 1B, стр. 149–168 (скан): 4 паспорта ЦМО, в свидетельстве о приёмке зав. № не проставлен (штамп ОТК, упаковщик 03.09.2025)
A7: 2.1 | B7: IP-телефон SIP-T30P | C7: Yealink SIP-T30P | D7: шт | E7: 13 | G7: 0 | I7: - | J7: - | K7: - | L7: =IF(F7="",IF(J7="-","Нет зав. №, нет АоРПИ","Нет зав. №"),IF(G7<E7,"Зав. № не все ("&G7&" из "&E7&")",IF(J7="-","Зав. № есть, АоРПИ нет",IF(K7="Подписан","ОК: зав. № + АоРПИ подписан","Зав. № есть, АоРПИ не подписан")))) | M7: Групповой паспорт Айпиматика 27.02.2026 (PO-219-TP-0001 1B, стр. 761–764) — зав. № нет; смотреть на шильдиках/коробках | N7: PO-219-TP-0001 1B, SIP-T30P стр. 761–764 (скан): групповой паспорт ООО «Айпиматика» от 27.02.2026, зав. № не указаны
A8: 3.1 | B8: Коммутатор L3 PoE 48 портов (компл.) | C8: S4330-54TXP (Maipu) | D8: компл. | E8: 6 | F8: 25006705000411; 25006705000414; 25006705000415; 25006705000416; 25006705000417; 25006705000421 | G8: 6 | H8: PO-219-TP-0001 1B, стр. 437 | I8: 1576-1 | J8: - | K8: - | L8: =IF(F8="",IF(J8="-","Нет зав. №, нет АоРПИ","Нет зав. №"),IF(G8<E8,"Зав. № не все ("&G8&" из "&E8&")",IF(J8="-","Зав. № есть, АоРПИ нет",IF(K8="Подписан","ОК: зав. № + АоРПИ подписан","Зав. № есть, АоРПИ не подписан")))) | M8: 6 зав. № из паспорта Maipu (PO-219, RFI 1576-1); привязку к титулу 3121 подтвердить при ВК | N8: PO-219-TP-0001 1B, стр. 436–439 (скан): 6 зав. № на стр. 437 (Equipment serial number)
A9: 3.6 | B9: Цифровая АТС «РТУ МОА» | D9: компл. | E9: 1 | G9: 0 | I9: - | J9: - | K9: - | L9: =IF(F9="",IF(J9="-","Нет зав. №, нет АоРПИ","Нет зав. №"),IF(G9<E9,"Зав. № не все ("&G9&" из "&E9&")",IF(J9="-","Зав. № есть, АоРПИ нет",IF(K9="Подписан","ОК: зав. № + АоРПИ подписан","Зав. № есть, АоРПИ не подписан")))) | M9: В PO-219-TP-0001 1B паспорта РТУ МОА нет (нет в оглавлении)
A10: 3.9 | B10: Блок коммутации и контроля линий, 8 линий | C10: LBC-8 (Линсис) | D10: шт | E10: 1 | F10: PO3384134123 | G10: 1 | H10: PO-219-TP-0001 1B, стр. 388 | I10: 1828 | J10: - | K10: - | L10: =IF(F10="",IF(J10="-","Нет зав. №, нет АоРПИ","Нет зав. №"),IF(G10<E10,"Зав. № не все ("&G10&" из "&E10&")",IF(J10="-","Зав. № есть, АоРПИ нет",IF(K10="Подписан","ОК: зав. № + АоРПИ подписан","Зав. № есть, АоРПИ не подписан")))) | M10: Паспорт Линсис, ОТК 02.2026 | N10: PO-219-TP-0001 1B, стр. 386–388 (скан): зав. № PO3384134123 на стр. 388 (ОТК 02.2026)
A11: 3.10 | B11: Универсальный модуль подключений 16х1А | C11: UMZ16 (Линсис) | D11: шт | E11: 1 | G11: 0 | I11: 1828 | J11: - | K11: - | L11: =IF(F11="",IF(J11="-","Нет зав. №, нет АоРПИ","Нет зав. №"),IF(G11<E11,"Зав. № не все ("&G11&" из "&E11&")",IF(J11="-","Зав. № есть, АоРПИ нет",IF(K11="Подписан","ОК: зав. № + АоРПИ подписан","Зав. № есть, АоРПИ не подписан")))) | M11: В паспорте (PO-219-TP-0001 1B, стр. 394) указано «без номера» | N11: PO-219-TP-0001 1B, стр. 392–394 (скан): «без номера» на стр. 394
A12: 3.12 | B12: KVM-консоль | C12: ATEN CL3100NX | D12: шт | E12: 1 | G12: 0 | I12: 1828 | J12: - | K12: - | L12: =IF(F12="",IF(J12="-","Нет зав. №, нет АоРПИ","Нет зав. №"),IF(G12<E12,"Зав. № не все ("&G12&" из "&E12&")",IF(J12="-","Зав. № есть, АоРПИ нет",IF(K12="Подписан","ОК: зав. № + АоРПИ подписан","Зав. № есть, АоРПИ не подписан")))) | M12: В PO-219-TP-0001 1B (стр. 25–32) только проспект ATEN, зав. № нет — смотреть на шильдике | N12: PO-219-TP-0001 1B, стр. 25–32: только проспект ATEN (EN/RU), паспорта с зав. № нет
A13: 3.13 | B13: IP KVM-переключатель | C13: ATEN KN1108VA | D13: шт | E13: 1 | G13: 0 | I13: - | J13: - | K13: - | L13: =IF(F13="",IF(J13="-","Нет зав. №, нет АоРПИ","Нет зав. №"),IF(G13<E13,"Зав. № не все ("&G13&" из "&E13&")",IF(J13="-","Зав. № есть, АоРПИ нет",IF(K13="Подписан","ОК: зав. № + АоРПИ подписан","Зав. № есть, АоРПИ не подписан")))) | N13: PO-219-TP-0001 1B, стр. 32–43 (скан, зав. № в тексте нет)
A14: 3.15 | B14: Маршрутизатор (компл.) | C14: NSR2900X-14D | D14: компл. | E14: 2 | G14: 0 | I14: - | J14: - | K14: - | L14: =IF(F14="",IF(J14="-","Нет зав. №, нет АоРПИ","Нет зав. №"),IF(G14<E14,"Зав. № не все ("&G14&" из "&E14&")",IF(J14="-","Зав. № есть, АоРПИ нет",IF(K14="Подписан","ОК: зав. № + АоРПИ подписан","Зав. № есть, АоРПИ не подписан")))) | N14: PO-219-TP-0001 1B, стр. 439–442 (скан, зав. № в тексте нет)
A15: 3.17 | B15: Преобразователь интерфейсов С37.94/Е1 | D15: шт | E15: 2 | G15: 0 | I15: - | J15: - | K15: - | L15: =IF(F15="",IF(J15="-","Нет зав. №, нет АоРПИ","Нет зав. №"),IF(G15<E15,"Зав. № не все ("&G15&" из "&E15&")",IF(J15="-","Зав. № есть, АоРПИ нет",IF(K15="Подписан","ОК: зав. № + АоРПИ подписан","Зав. № есть, АоРПИ не подписан"))))
A16: 4.14 | B16: Громкоговоритель настенный 10/5 Вт | C16: LPA-10W3 (Линсис) | D16: шт | E16: 4 | G16: 0 | I16: 1576-1 | J16: - | K16: - | L16: =IF(F16="",IF(J16="-","Нет зав. №, нет АоРПИ","Нет зав. №"),IF(G16<E16,"Зав. № не все ("&G16&" из "&E16&")",IF(J16="-","Зав. № есть, АоРПИ нет",IF(K16="Подписан","ОК: зав. № + АоРПИ подписан","Зав. № есть, АоРПИ не подписан")))) | M16: По RFI 1576-1 поставлено LPA-10W3 — 2 шт, LPA-6W — 41 шт (на все титулы) | N16: PO-219-TP-0001 1B, стр. 396–397 (скан, зав. № в тексте нет)
A17: 4.15 | B17: Диспетчерский пульт | C17: LDP-E12-ВМ (Линсис) | D17: шт | E17: 1 | G17: 0 | I17: - | J17: - | K17: - | L17: =IF(F17="",IF(J17="-","Нет зав. №, нет АоРПИ","Нет зав. №"),IF(G17<E17,"Зав. № не все ("&G17&" из "&E17&")",IF(J17="-","Зав. № есть, АоРПИ нет",IF(K17="Подписан","ОК: зав. № + АоРПИ подписан","Зав. № есть, АоРПИ не подписан")))) | N17: PO-219-TP-0001 1B, стр. 414–416 (скан, зав. № в тексте нет)
A18: 5.1 | B18: DECT-менеджер IP-DECT | D18: шт | E18: 1 | G18: 0 | I18: - | J18: - | K18: - | L18: =IF(F18="",IF(J18="-","Нет зав. №, нет АоРПИ","Нет зав. №"),IF(G18<E18,"Зав. № не все ("&G18&" из "&E18&")",IF(J18="-","Зав. № есть, АоРПИ нет",IF(K18="Подписан","ОК: зав. № + АоРПИ подписан","Зав. № есть, АоРПИ не подписан")))) | N18: PO-219-TP-0001 1B, Gigaset N720 DM PRO стр. 278–281 (скан)
A19: 5.2 | B19: Базовая станция IP-DECT | D19: шт | E19: 14 | G19: 0 | I19: - | J19: - | K19: - | L19: =IF(F19="",IF(J19="-","Нет зав. №, нет АоРПИ","Нет зав. №"),IF(G19<E19,"Зав. № не все ("&G19&" из "&E19&")",IF(J19="-","Зав. № есть, АоРПИ нет",IF(K19="Подписан","ОК: зав. № + АоРПИ подписан","Зав. № есть, АоРПИ не подписан")))) | N19: PO-219-TP-0001 1B, Gigaset N720IP PRO стр. 268–271 (скан)
A20: 5.3 | B20: Термошкаф для базовых DECT-станций IP55 | D20: шт | E20: 6 | G20: 0 | I20: - | J20: - | K20: - | L20: =IF(F20="",IF(J20="-","Нет зав. №, нет АоРПИ","Нет зав. №"),IF(G20<E20,"Зав. № не все ("&G20&" из "&E20&")",IF(J20="-","Зав. № есть, АоРПИ нет",IF(K20="Подписан","ОК: зав. № + АоРПИ подписан","Зав. № есть, АоРПИ не подписан")))) | N20: PO-219-TP-0001 1B, ТША511 стр. 276–277 (скан)
A21: 6.1 | B21: Контроллер системы мониторинга телеком. стоек (СМСТ) | D21: шт | E21: 1 | G21: 0 | I21: - | J21: - | K21: - | L21: =IF(F21="",IF(J21="-","Нет зав. №, нет АоРПИ","Нет зав. №"),IF(G21<E21,"Зав. № не все ("&G21&" из "&E21&")",IF(J21="-","Зав. № есть, АоРПИ нет",IF(K21="Подписан","ОК: зав. № + АоРПИ подписан","Зав. № есть, АоРПИ не подписан"))))
D22: Итого | E22: =SUM(E6:E21) | G22: =SUM(G6:G21)

Sheet 3121 ОС
A1: Титул 3121, раздел ОС — оборудование (раздел «Оборудование» спецификации), заводские номера и АоРПИ
A2: СО: 03-91-1201-44-ОС.СО-001, ревизия 5 (.xlsx)
A3: Зав. № и АоРПИ собраны из папок Nextcloud: 2.Incoming control (1.Closed — подписан, 2.Open — не подписан), 1.RFI/CHENGDA, _Текст для поиска. «-» в столбце АоРПИ — акта в папке ВК нет.
A5: Поз. / тег | B5: Наименование (по СО) | C5: Тип, марка | D5: Ед. | E5: Кол-во по СО | F5: Заводской № (пусто — не найден) | G5: Найдено зав. №, шт | H5: Источник зав. № | I5: RFI | J5: АоРПИ (- если нет) | K5: Статус АоРПИ | L5: Итог | M5: Примечание | N5: Паспорт (TP) | O5: RFI по сводной 17.08.2026 | P5: АоРПИ по сводной 17.08.2026 | Q5: Замечание из сводной 17.08.2026 | R5: Сверка со сводной 17.08.2026
A6: 1.1 | B6: Шкаф телекоммуникационный 42U 19" | C6: ШТК-Э-42.8.8-13АА (ЦМО) | D6: шт | E6: 1 | G6: 0 | I6: 1828 | J6: - | K6: - | L6: =IF(F6="",IF(J6="-","Нет зав. №, нет АоРПИ","Нет зав. №"),IF(G6<E6,"Зав. № не все ("&G6&" из "&E6&")",IF(J6="-","Зав. № есть, АоРПИ нет",IF(K6="Подписан","ОК: зав. № + АоРПИ подписан","Зав. № есть, АоРПИ не подписан")))) | N6: PO-219-TP-0001 1B, стр. 149–168 (скан): 4 паспорта ЦМО, в свидетельстве о приёмке зав. № не проставлен (штамп ОТК, упаковщик 03.09.2025)
A7: 1.7 | B7: Коммутатор 24×1G + 4×10G SFP+, PoE | C7: S4330-30TXP (Maipu) | D7: шт | E7: 1 | G7: 0 | I7: - | J7: - | K7: - | L7: =IF(F7="",IF(J7="-","Нет зав. №, нет АоРПИ","Нет зав. №"),IF(G7<E7,"Зав. № не все ("&G7&" из "&E7&")",IF(J7="-","Зав. № есть, АоРПИ нет",IF(K7="Подписан","ОК: зав. № + АоРПИ подписан","Зав. № есть, АоРПИ не подписан")))) | N7: PO-219-TP-0001 1B, стр. 419–422 (скан, зав. № в тексте нет)
A8: 1.11 | B8: Батарейный блок ИБП | C8: BMRT-72-18 (Штиль) | D8: шт | E8: 1 | G8: 0 | I8: - | J8: - | K8: - | L8: =IF(F8="",IF(J8="-","Нет зав. №, нет АоРПИ","Нет зав. №"),IF(G8<E8,"Зав. № не все ("&G8&" из "&E8&")",IF(J8="-","Зав. № есть, АоРПИ нет",IF(K8="Подписан","ОК: зав. № + АоРПИ подписан","Зав. № есть, АоРПИ не подписан")))) | N8: PO-219-TP-0001 1B, стр. 630–632 (скан, зав. № в тексте нет)
A9: 1.14 3121-VC-009…017 | B9: IP-видеокамера уличная вариофокальная | C9: IPTS-IPBM5002 (IPTRONIC) | D9: шт | E9: 9 | G9: 0 | I9: - | J9: - | K9: - | L9: =IF(F9="",IF(J9="-","Нет зав. №, нет АоРПИ","Нет зав. №"),IF(G9<E9,"Зав. № не все ("&G9&" из "&E9&")",IF(J9="-","Зав. № есть, АоРПИ нет",IF(K9="Подписан","ОК: зав. № + АоРПИ подписан","Зав. № есть, АоРПИ не подписан")))) | N9: PO-219-TP-0001 1B, стр. 296–299 (скан, зав. № в тексте нет)
A10: 1.15 3121-VC-001…008 | B10: IP-видеокамера уличная вариофокальная | C10: IPTS-IPBM5035 (IPTRONIC) | D10: шт | E10: 8 | G10: 0 | I10: - | J10: - | K10: - | L10: =IF(F10="",IF(J10="-","Нет зав. №, нет АоРПИ","Нет зав. №"),IF(G10<E10,"Зав. № не все ("&G10&" из "&E10&")",IF(J10="-","Зав. № есть, АоРПИ нет",IF(K10="Подписан","ОК: зав. № + АоРПИ подписан","Зав. № есть, АоРПИ не подписан")))) | N10: PO-219-TP-0001 1B, стр. 300–304 (скан, зав. № в тексте нет)
A11: 4.2 | B11: Преобразователь интерфейса | C11: С2000-Ethernet (Болид) | D11: шт | E11: 1 | G11: 0 | I11: - | J11: - | K11: - | L11: =IF(F11="",IF(J11="-","Нет зав. №, нет АоРПИ","Нет зав. №"),IF(G11<E11,"Зав. № не все ("&G11&" из "&E11&")",IF(J11="-","Зав. № есть, АоРПИ нет",IF(K11="Подписан","ОК: зав. № + АоРПИ подписан","Зав. № есть, АоРПИ не подписан")))) | N11: PO-219-TP-0001 1B, стр. 73–84 (скан, зав. № в тексте нет)
A12: 4.3 | B12: Резервированный источник питания 12 В | C12: РИП-12-3/17П1-Р-RS (Болид) | D12: шт | E12: 1 | G12: 0 | I12: - | J12: - | K12: - | L12: =IF(F12="",IF(J12="-","Нет зав. №, нет АоРПИ","Нет зав. №"),IF(G12<E12,"Зав. № не все ("&G12&" из "&E12&")",IF(J12="-","Зав. № есть, АоРПИ нет",IF(K12="Подписан","ОК: зав. № + АоРПИ подписан","Зав. № есть, АоРПИ не подписан")))) | N12: PO-219-TP-0001 1B, стр. 67–72 (скан, зав. № в тексте нет)
A13: 4.4 | B13: АКБ 12 В 17 Ач | C13: DTM1217 (Delta) | D13: шт | E13: 2 | G13: 0 | I13: - | J13: - | K13: - | L13: =IF(F13="",IF(J13="-","Нет зав. №, нет АоРПИ","Нет зав. №"),IF(G13<E13,"Зав. № не все ("&G13&" из "&E13&")",IF(J13="-","Зав. № есть, АоРПИ нет",IF(K13="Подписан","ОК: зав. № + АоРПИ подписан","Зав. № есть, АоРПИ не подписан")))) | N13: PO-219-TP-0001 1B, стр. 237–238 (скан, зав. № в тексте нет)
A14: 4.5 | B14: Извещатель охранный магнитоконтактный адресный | C14: С2000-СМК исп.06 | D14: шт | E14: 15 | G14: 0 | I14: - | J14: - | K14: - | L14: =IF(F14="",IF(J14="-","Нет зав. №, нет АоРПИ","Нет зав. №"),IF(G14<E14,"Зав. № не все ("&G14&" из "&E14&")",IF(J14="-","Зав. № есть, АоРПИ нет",IF(K14="Подписан","ОК: зав. № + АоРПИ подписан","Зав. № есть, АоРПИ не подписан")))) | N14: PO-219-TP-0001 1B, стр. 85–87 (скан, зав. № в тексте нет)
A15: 4.6 | B15: Адресный расширитель | C15: С2000-АР1 исп.01 | D15: шт | E15: 15 | G15: 0 | I15: - | J15: - | K15: - | L15: =IF(F15="",IF(J15="-","Нет зав. №, нет АоРПИ","Нет зав. №"),IF(G15<E15,"Зав. № не все ("&G15&" из "&E15&")",IF(J15="-","Зав. № есть, АоРПИ нет",IF(K15="Подписан","ОК: зав. № + АоРПИ подписан","Зав. № есть, АоРПИ не подписан")))) | N15: PO-219-TP-0001 1B, стр. 90–95 (скан, зав. № в тексте нет)
A16: 4.7 | B16: Извещатель охранный объёмный ИК адресный | C16: С2000-ИК исп.02 | D16: шт | E16: 16 | G16: 0 | I16: - | J16: - | K16: - | L16: =IF(F16="",IF(J16="-","Нет зав. №, нет АоРПИ","Нет зав. №"),IF(G16<E16,"Зав. № не все ("&G16&" из "&E16&")",IF(J16="-","Зав. № есть, АоРПИ нет",IF(K16="Подписан","ОК: зав. № + АоРПИ подписан","Зав. № есть, АоРПИ не подписан")))) | N16: PO-219-TP-0001 1B, стр. 88–89 (скан, зав. № в тексте нет)
A17: 4.8 | B17: Тревожная кнопка | C17: С2000-КТ | D17: шт | E17: 1 | G17: 0 | I17: - | J17: - | K17: - | L17: =IF(F17="",IF(J17="-","Нет зав. №, нет АоРПИ","Нет зав. №"),IF(G17<E17,"Зав. № не все ("&G17&" из "&E17&")",IF(J17="-","Зав. № есть, АоРПИ нет",IF(K17="Подписан","ОК: зав. № + АоРПИ подписан","Зав. № есть, АоРПИ не подписан")))) | N17: PO-219-TP-0001 1B, стр. 96–101 (скан, зав. № в тексте нет)
A18: 4.9 | B18: Оповещатель свето-звуковой | C18: ОРБИТА ОП СЗ | D18: шт | E18: 1 | G18: 0 | I18: - | J18: - | K18: - | L18: =IF(F18="",IF(J18="-","Нет зав. №, нет АоРПИ","Нет зав. №"),IF(G18<E18,"Зав. № не все ("&G18&" из "&E18&")",IF(J18="-","Зав. № есть, АоРПИ нет",IF(K18="Подписан","ОК: зав. № + АоРПИ подписан","Зав. № есть, АоРПИ не подписан")))) | N18: PO-219-TP-0001 1B, стр. 359–361 (скан, зав. № в тексте нет)
D19: Итого | E19: =SUM(E6:E18) | G19: =SUM(G6:G18)

Sheet 3121 СКУД
A1: Титул 3121, раздел СКУД — оборудование (раздел «Оборудование» спецификации), заводские номера и АоРПИ
A2: СО: 03-91-1201-44-СКУД.СО-001, ревизия 5 (.docx)
A3: Зав. № и АоРПИ собраны из папок Nextcloud: 2.Incoming control (1.Closed — подписан, 2.Open — не подписан), 1.RFI/CHENGDA, _Текст для поиска. «-» в столбце АоРПИ — акта в папке ВК нет.
A5: Поз. / тег | B5: Наименование (по СО) | C5: Тип, марка | D5: Ед. | E5: Кол-во по СО | F5: Заводской № (пусто — не найден) | G5: Найдено зав. №, шт | H5: Источник зав. № | I5: RFI | J5: АоРПИ (- если нет) | K5: Статус АоРПИ | L5: Итог | M5: Примечание | N5: Паспорт (TP) | O5: RFI по сводной 17.08.2026 | P5: АоРПИ по сводной 17.08.2026 | Q5: Замечание из сводной 17.08.2026 | R5: Сверка со сводной 17.08.2026
A6: 1.1 | B6: Контроллер сетевой (8 Wiegand) | C6: AAM-LAN-8W/2RS | D6: шт | E6: 2 | G6: 0 | I6: - | J6: - | K6: - | L6: =IF(F6="",IF(J6="-","Нет зав. №, нет АоРПИ","Нет зав. №"),IF(G6<E6,"Зав. № не все ("&G6&" из "&E6&")",IF(J6="-","Зав. № есть, АоРПИ нет",IF(K6="Подписан","ОК: зав. № + АоРПИ подписан","Зав. № есть, АоРПИ не подписан")))) | N6: PO-219-TP-0001 1B, стр. 10–15 (скан, зав. № в тексте нет)
A7: 1.3 | B7: Источник вторичного электропитания 12 В 6 А | C7: РИП-12-6/80М3-Р-RS (Болид) | D7: шт | E7: 1 | G7: 0 | I7: - | J7: - | K7: - | L7: =IF(F7="",IF(J7="-","Нет зав. №, нет АоРПИ","Нет зав. №"),IF(G7<E7,"Зав. № не все ("&G7&" из "&E7&")",IF(J7="-","Зав. № есть, АоРПИ нет",IF(K7="Подписан","ОК: зав. № + АоРПИ подписан","Зав. № есть, АоРПИ не подписан")))) | N7: PO-219-TP-0001 1B, стр. 111–120 (скан, зав. № в тексте нет)
A8: 1.2, 1.4 | B8: АКБ 12 В 4,5 Ач / 40 Ач | C8: DTM12045 / DTM1240 L (Delta) | D8: шт | E8: 4 | G8: 0 | I8: - | J8: - | K8: - | L8: =IF(F8="",IF(J8="-","Нет зав. №, нет АоРПИ","Нет зав. №"),IF(G8<E8,"Зав. № не все ("&G8&" из "&E8&")",IF(J8="-","Зав. № есть, АоРПИ нет",IF(K8="Подписан","ОК: зав. № + АоРПИ подписан","Зав. № есть, АоРПИ не подписан")))) | M8: по 2 шт каждого | N8: PO-219-TP-0001 1B, стр. 239–240 (скан, зав. № в тексте нет)
A9: 1.5 | B9: Считыватель MIFARE | C9: ST-PR042MF (Smartec) | D9: шт | E9: 12 | G9: 0 | I9: - | J9: - | K9: - | L9: =IF(F9="",IF(J9="-","Нет зав. №, нет АоРПИ","Нет зав. №"),IF(G9<E9,"Зав. № не все ("&G9&" из "&E9&")",IF(J9="-","Зав. № есть, АоРПИ нет",IF(K9="Подписан","ОК: зав. № + АоРПИ подписан","Зав. № есть, АоРПИ не подписан")))) | N9: PO-219-TP-0001 1B, стр. 586 (скан, зав. № в тексте нет)
A10: 1.6 | B10: Извещатель магнитоконтактный | C10: ST-DM130NC-SL | D10: шт | E10: 12 | G10: 0 | I10: - | J10: - | K10: - | L10: =IF(F10="",IF(J10="-","Нет зав. №, нет АоРПИ","Нет зав. №"),IF(G10<E10,"Зав. № не все ("&G10&" из "&E10&")",IF(J10="-","Зав. № есть, АоРПИ нет",IF(K10="Подписан","ОК: зав. № + АоРПИ подписан","Зав. № есть, АоРПИ не подписан")))) | N10: PO-219-TP-0001 1B, стр. 587 (скан, зав. № в тексте нет)
A11: 1.7 | B11: Кнопка выхода | C11: ST-EX241L | D11: шт | E11: 12 | G11: 0 | I11: - | J11: - | K11: - | L11: =IF(F11="",IF(J11="-","Нет зав. №, нет АоРПИ","Нет зав. №"),IF(G11<E11,"Зав. № не все ("&G11&" из "&E11&")",IF(J11="-","Зав. № есть, АоРПИ нет",IF(K11="Подписан","ОК: зав. № + АоРПИ подписан","Зав. № есть, АоРПИ не подписан")))) | N11: PO-219-TP-0001 1B, стр. 588–592 (скан, зав. № в тексте нет)
A12: 1.8 | B12: Электромагнитный замок 250 кг | C12: ST-EL250ML | D12: шт | E12: 12 | G12: 0 | I12: - | J12: - | K12: - | L12: =IF(F12="",IF(J12="-","Нет зав. №, нет АоРПИ","Нет зав. №"),IF(G12<E12,"Зав. № не все ("&G12&" из "&E12&")",IF(J12="-","Зав. № есть, АоРПИ нет",IF(K12="Подписан","ОК: зав. № + АоРПИ подписан","Зав. № есть, АоРПИ не подписан")))) | N12: PO-219-TP-0001 1B, стр. 593 (скан, зав. № в тексте нет)
A13: 1.9 | B13: Дверной доводчик | C13: ST-DC036BCDA-SL | D13: шт | E13: 12 | G13: 0 | I13: - | J13: - | K13: - | L13: =IF(F13="",IF(J13="-","Нет зав. №, нет АоРПИ","Нет зав. №"),IF(G13<E13,"Зав. № не все ("&G13&" из "&E13&")",IF(J13="-","Зав. № есть, АоРПИ нет",IF(K13="Подписан","ОК: зав. № + АоРПИ подписан","Зав. № есть, АоРПИ не подписан")))) | N13: PO-219-TP-0001 1B, стр. 595 (скан, зав. № в тексте нет)
A14: 1.10 | B14: Устройство дистанционного пуска «Аварийный выход» | C14: ST-ER115 | D14: шт | E14: 12 | G14: 0 | I14: - | J14: - | K14: - | L14: =IF(F14="",IF(J14="-","Нет зав. №, нет АоРПИ","Нет зав. №"),IF(G14<E14,"Зав. № не все ("&G14&" из "&E14&")",IF(J14="-","Зав. № есть, АоРПИ нет",IF(K14="Подписан","ОК: зав. № + АоРПИ подписан","Зав. № есть, АоРПИ не подписан")))) | N14: PO-219-TP-0001 1B, стр. 596 (скан, зав. № в тексте нет)
A15: 1.11 | B15: Модуль релейный (АЛС) | D15: шт | E15: 12 | G15: 0 | I15: - | J15: - | K15: - | L15: =IF(F15="",IF(J15="-","Нет зав. №, нет АоРПИ","Нет зав. №"),IF(G15<E15,"Зав. № не все ("&G15&" из "&E15&")",IF(J15="-","Зав. № есть, АоРПИ нет",IF(K15="Подписан","ОК: зав. № + АоРПИ подписан","Зав. № есть, АоРПИ не подписан")))) | M15: Предусмотрен в 03-91-1201-01-ПС
D16: Итого | E16: =SUM(E6:E15) | G16: =SUM(G6:G15)

Sheet 3121 ПС
A1: Титул 3121, раздел ПС — оборудование (раздел «Оборудование» спецификации), заводские номера и АоРПИ
A2: СО: 03-91-1201-44-ПС.СО-001, ревизия 4B (.docx)
A3: Зав. № и АоРПИ собраны из папок Nextcloud: 2.Incoming control (1.Closed — подписан, 2.Open — не подписан), 1.RFI/CHENGDA, _Текст для поиска. «-» в столбце АоРПИ — акта в папке ВК нет.
A5: Поз. / тег | B5: Наименование (по СО) | C5: Тип, марка | D5: Ед. | E5: Кол-во по СО | F5: Заводской № (пусто — не найден) | G5: Найдено зав. №, шт | H5: Источник зав. № | I5: RFI | J5: АоРПИ (- если нет) | K5: Статус АоРПИ | L5: Итог | M5: Примечание | N5: Паспорт (TP) | O5: RFI по сводной 17.08.2026 | P5: АоРПИ по сводной 17.08.2026 | Q5: Замечание из сводной 17.08.2026 | R5: Сверка со сводной 17.08.2026
A6: 1.1 | B6: Прибор приёмно-контрольный охранно-пожарный | C6: R3-Рубеж-2ОП | D6: шт | E6: 1 | G6: 0 | I6: - | J6: 782-3121-ПС-ВК-ЧНД | K6: Не подписан | L6: =IF(F6="",IF(J6="-","Нет зав. №, нет АоРПИ","Нет зав. №"),IF(G6<E6,"Зав. № не все ("&G6&" из "&E6&")",IF(J6="-","Зав. № есть, АоРПИ нет",IF(K6="Подписан","ОК: зав. № + АоРПИ подписан","Зав. № есть, АоРПИ не подписан")))) | M6: АоРПИ 782 без зав. №; в 2.Open не загружен (лежит в Базе данных Альфа-пром)
A7: 1.2 | B7: Блок индикации и управления | C7: Рубеж-БИУ | D7: шт | E7: 1 | G7: 0 | I7: - | J7: 782-3121-ПС-ВК-ЧНД | K7: Не подписан | L7: =IF(F7="",IF(J7="-","Нет зав. №, нет АоРПИ","Нет зав. №"),IF(G7<E7,"Зав. № не все ("&G7&" из "&E7&")",IF(J7="-","Зав. № есть, АоРПИ нет",IF(K7="Подписан","ОК: зав. № + АоРПИ подписан","Зав. № есть, АоРПИ не подписан"))))
A8: 1.3 | B8: Модуль изолятор АЛС | C8: ИЗ-1-R3 | D8: шт | E8: 14 | G8: 0 | I8: - | J8: 782-3121-ПС-ВК-ЧНД | K8: Не подписан | L8: =IF(F8="",IF(J8="-","Нет зав. №, нет АоРПИ","Нет зав. №"),IF(G8<E8,"Зав. № не все ("&G8&" из "&E8&")",IF(J8="-","Зав. № есть, АоРПИ нет",IF(K8="Подписан","ОК: зав. № + АоРПИ подписан","Зав. № есть, АоРПИ не подписан"))))
A9: 1.4 | B9: ИВЭПР 24 В 3,5 А | C9: ИВЭПР 24/3,5 2х12-Р БР | D9: шт | E9: 1 | G9: 0 | I9: - | J9: 782-3121-ПС-ВК-ЧНД | K9: Не подписан | L9: =IF(F9="",IF(J9="-","Нет зав. №, нет АоРПИ","Нет зав. №"),IF(G9<E9,"Зав. № не все ("&G9&" из "&E9&")",IF(J9="-","Зав. № есть, АоРПИ нет",IF(K9="Подписан","ОК: зав. № + АоРПИ подписан","Зав. № есть, АоРПИ не подписан"))))
A10: 1.5 | B10: АКБ 12 В 12 Ач | C10: DT 1212 | D10: шт | E10: 2 | G10: 0 | I10: - | J10: 782-3121-ПС-ВК-ЧНД | K10: Не подписан | L10: =IF(F10="",IF(J10="-","Нет зав. №, нет АоРПИ","Нет зав. №"),IF(G10<E10,"Зав. № не все ("&G10&" из "&E10&")",IF(J10="-","Зав. № есть, АоРПИ нет",IF(K10="Подписан","ОК: зав. № + АоРПИ подписан","Зав. № есть, АоРПИ не подписан"))))
A11: 1.6 | B11: Извещатель пожарный дымовой адресный | C11: ИП 212-164-R3 | D11: шт | E11: 54 | G11: 0 | I11: - | J11: 782-3121-ПС-ВК-ЧНД | K11: Не подписан | L11: =IF(F11="",IF(J11="-","Нет зав. №, нет АоРПИ","Нет зав. №"),IF(G11<E11,"Зав. № не все ("&G11&" из "&E11&")",IF(J11="-","Зав. № есть, АоРПИ нет",IF(K11="Подписан","ОК: зав. № + АоРПИ подписан","Зав. № есть, АоРПИ не подписан"))))
A12: 1.7 | B12: Извещатель пожарный пламени адресный | C12: ТЮЛЬПАН 64/2-R3 | D12: шт | E12: 17 | G12: 0 | I12: - | J12: 782-3121-ПС-ВК-ЧНД | K12: Не подписан | L12: =IF(F12="",IF(J12="-","Нет зав. №, нет АоРПИ","Нет зав. №"),IF(G12<E12,"Зав. № не все ("&G12&" из "&E12&")",IF(J12="-","Зав. № есть, АоРПИ нет",IF(K12="Подписан","ОК: зав. № + АоРПИ подписан","Зав. № есть, АоРПИ не подписан"))))
A13: 1.8 | B13: Извещатель пожарный ручной адресный | C13: ИПР 513-11-А-R3 | D13: шт | E13: 7 | G13: 0 | I13: - | J13: 782-3121-ПС-ВК-ЧНД | K13: Не подписан | L13: =IF(F13="",IF(J13="-","Нет зав. №, нет АоРПИ","Нет зав. №"),IF(G13<E13,"Зав. № не все ("&G13&" из "&E13&")",IF(J13="-","Зав. № есть, АоРПИ нет",IF(K13="Подписан","ОК: зав. № + АоРПИ подписан","Зав. № есть, АоРПИ не подписан"))))
A14: 1.9 | B14: Табло «Выход» | C14: ОПОП 1-R3 | D14: шт | E14: 9 | G14: 0 | I14: - | J14: 782-3121-ПС-ВК-ЧНД | K14: Не подписан | L14: =IF(F14="",IF(J14="-","Нет зав. №, нет АоРПИ","Нет зав. №"),IF(G14<E14,"Зав. № не все ("&G14&" из "&E14&")",IF(J14="-","Зав. № есть, АоРПИ нет",IF(K14="Подписан","ОК: зав. № + АоРПИ подписан","Зав. № есть, АоРПИ не подписан"))))
A15: 1.10 | B15: Оповещатель свето-звуковой | C15: ОПОП 124-R3 | D15: шт | E15: 32 | G15: 0 | I15: - | J15: 782-3121-ПС-ВК-ЧНД | K15: Не подписан | L15: =IF(F15="",IF(J15="-","Нет зав. №, нет АоРПИ","Нет зав. №"),IF(G15<E15,"Зав. № не все ("&G15&" из "&E15&")",IF(J15="-","Зав. № есть, АоРПИ нет",IF(K15="Подписан","ОК: зав. № + АоРПИ подписан","Зав. № есть, АоРПИ не подписан"))))
A16: 1.11 | B16: Извещатель тепловой адресный | C16: ИП 101-29-PR-R3 | D16: шт | E16: 5 | G16: 0 | I16: - | J16: 782-3121-ПС-ВК-ЧНД | K16: Не подписан | L16: =IF(F16="",IF(J16="-","Нет зав. №, нет АоРПИ","Нет зав. №"),IF(G16<E16,"Зав. № не все ("&G16&" из "&E16&")",IF(J16="-","Зав. № есть, АоРПИ нет",IF(K16="Подписан","ОК: зав. № + АоРПИ подписан","Зав. № есть, АоРПИ не подписан"))))
A17: 1.12 | B17: Модуль интерфейсный для термокабеля | C17: МИП-2И | D17: шт | E17: 1 | G17: 0 | I17: - | J17: 782-3121-ПС-ВК-ЧНД | K17: Не подписан | L17: =IF(F17="",IF(J17="-","Нет зав. №, нет АоРПИ","Нет зав. №"),IF(G17<E17,"Зав. № не все ("&G17&" из "&E17&")",IF(J17="-","Зав. № есть, АоРПИ нет",IF(K17="Подписан","ОК: зав. № + АоРПИ подписан","Зав. № есть, АоРПИ не подписан"))))
A18: 1.14 | B18: Адресная метка АМ-4 | C18: АМ-4-R3 | D18: шт | E18: 1 | G18: 0 | I18: - | J18: 782-3121-ПС-ВК-ЧНД | K18: Не подписан | L18: =IF(F18="",IF(J18="-","Нет зав. №, нет АоРПИ","Нет зав. №"),IF(G18<E18,"Зав. № не все ("&G18&" из "&E18&")",IF(J18="-","Зав. № есть, АоРПИ нет",IF(K18="Подписан","ОК: зав. № + АоРПИ подписан","Зав. № есть, АоРПИ не подписан"))))
... A20: 1.13 | B20: Извещатель тепловой линейный (термокабель) 105 °С | C20: GTSW-105-CP | D20: м | E20: 60 | G20: 0 | I20: - | J20: - | K20: - | L20: =IF(F20="",IF(J20="-","Нет зав. №, нет АоРПИ","Нет зав. №"),IF(G20<E20,"Зав. № не все ("&G20&" из "&E20&")",IF(J20="-","Зав. № есть, АоРПИ нет",IF(K20="Подписан","ОК: зав. № + АоРПИ подписан","Зав. № есть, АоРПИ не подписан"))))
D21: Итого | E21: =SUM(E6:E20) | G21: =SUM(G6:G20)

Sheet 3121 АОВ
A1: Титул 3121, раздел АОВ — оборудование (раздел «Оборудование» спецификации), заводские номера и АоРПИ
A2: СО: 03-50-1201-44-АОВ.СО-001, ревизия 4A (.xlsx)
A3: Зав. № и АоРПИ собраны из папок Nextcloud: 2.Incoming control (1.Closed — подписан, 2.Open — не подписан), 1.RFI/CHENGDA, _Текст для поиска. «-» в столбце АоРПИ — акта в папке ВК нет.
A5: Поз. / тег | B5: Наименование (по СО) | C5: Тип, марка | D5: Ед. | E5: Кол-во по СО | F5: Заводской № (пусто — не найден) | G5: Найдено зав. №, шт | H5: Источник зав. № | I5: RFI | J5: АоРПИ (- если нет) | K5: Статус АоРПИ | L5: Итог | M5: Примечание | N5: Паспорт (TP) | O5: RFI по сводной 17.08.2026 | P5: АоРПИ по сводной 17.08.2026 | Q5: Замечание из сводной 17.08.2026 | R5: Сверка со сводной 17.08.2026
A6: 03PDS… (13 шт) | B6: Реле перепада давления 50–500 Па | C6: 606.01001+1001 (TEREN) | D6: шт | E6: 13 | G6: 0 | I6: - | J6: - | K6: - | L6: =IF(F6="",IF(J6="-","Нет зав. №, нет АоРПИ","Нет зав. №"),IF(G6<E6,"Зав. № не все ("&G6&" из "&E6&")",IF(J6="-","Зав. № есть, АоРПИ нет",IF(K6="Подписан","ОК: зав. № + АоРПИ подписан","Зав. № есть, АоРПИ не подписан")))) | M6: Приточные установки 03-AHU-3121-01…07
A7: 03PDS… (13 шт) | B7: Реле перепада давления 100–1000 Па | C7: 606.02001+1001 (TEREN) | D7: шт | E7: 13 | G7: 0 | I7: - | J7: - | K7: - | L7: =IF(F7="",IF(J7="-","Нет зав. №, нет АоРПИ","Нет зав. №"),IF(G7<E7,"Зав. № не все ("&G7&" из "&E7&")",IF(J7="-","Зав. № есть, АоРПИ нет",IF(K7="Подписан","ОК: зав. № + АоРПИ подписан","Зав. № есть, АоРПИ не подписан"))))
A8: 03TT12521 | B8: Термопреобразователь Pt1000, L=60 мм | C8: TT3N231 (TEREN) | D8: шт | E8: 1 | G8: 0 | I8: - | J8: - | K8: - | L8: =IF(F8="",IF(J8="-","Нет зав. №, нет АоРПИ","Нет зав. №"),IF(G8<E8,"Зав. № не все ("&G8&" из "&E8&")",IF(J8="-","Зав. № есть, АоРПИ нет",IF(K8="Подписан","ОК: зав. № + АоРПИ подписан","Зав. № есть, АоРПИ не подписан"))))
A9: 03TT12522…12543 | B9: Термопреобразователь Pt1000, L=125 мм | C9: TT2N-231 (TEREN) | D9: шт | E9: 6 | G9: 0 | I9: - | J9: - | K9: - | L9: =IF(F9="",IF(J9="-","Нет зав. №, нет АоРПИ","Нет зав. №"),IF(G9<E9,"Зав. № не все ("&G9&" из "&E9&")",IF(J9="-","Зав. № есть, АоРПИ нет",IF(K9="Подписан","ОК: зав. № + АоРПИ подписан","Зав. № есть, АоРПИ не подписан"))))
A10: 03LCP12506…12511 | B10: Блок управления ротацией и резервированием | C10: БУРР-1М | D10: шт | E10: 6 | G10: 0 | I10: - | J10: - | K10: - | L10: =IF(F10="",IF(J10="-","Нет зав. №, нет АоРПИ","Нет зав. №"),IF(G10<E10,"Зав. № не все ("&G10&" из "&E10&")",IF(J10="-","Зав. № есть, АоРПИ нет",IF(K10="Подписан","ОК: зав. № + АоРПИ подписан","Зав. № есть, АоРПИ не подписан")))) | M10: HOLD в СО
A11: A1 | B11: Блок исполнительный специализированный | C11: БИС-1М | D11: шт | E11: 6 | G11: 0 | I11: - | J11: - | K11: - | L11: =IF(F11="",IF(J11="-","Нет зав. №, нет АоРПИ","Нет зав. №"),IF(G11<E11,"Зав. № не все ("&G11&" из "&E11&")",IF(J11="-","Зав. № есть, АоРПИ нет",IF(K11="Подписан","ОК: зав. № + АоРПИ подписан","Зав. № есть, АоРПИ не подписан")))) | M11: HOLD в СО
A12: 03LCP12505 | B12: Шкаф управления системами вентиляции и кондиционирования 1600х800х2000 | D12: шт | E12: 1 | G12: 0 | I12: - | J12: - | K12: - | L12: =IF(F12="",IF(J12="-","Нет зав. №, нет АоРПИ","Нет зав. №"),IF(G12<E12,"Зав. № не все ("&G12&" из "&E12&")",IF(J12="-","Зав. № есть, АоРПИ нет",IF(K12="Подписан","ОК: зав. № + АоРПИ подписан","Зав. № есть, АоРПИ не подписан"))))
D13: Итого | E13: =SUM(E6:E12) | G13: =SUM(G6:G12)

Sheet 3121 АОВ1
A1: Титул 3121, раздел АОВ1 — оборудование (раздел «Оборудование» спецификации), заводские номера и АоРПИ
A2: СО: 03-50-1201-44-АОВ1.СО-001, ревизия 4B (.doc)
A3: Зав. № и АоРПИ собраны из папок Nextcloud: 2.Incoming control (1.Closed — подписан, 2.Open — не подписан), 1.RFI/CHENGDA, _Текст для поиска. «-» в столбце АоРПИ — акта в папке ВК нет.
A5: Поз. / тег | B5: Наименование (по СО) | C5: Тип, марка | D5: Ед. | E5: Кол-во по СО | F5: Заводской № (пусто — не найден) | G5: Найдено зав. №, шт | H5: Источник зав. № | I5: RFI | J5: АоРПИ (- если нет) | K5: Статус АоРПИ | L5: Итог | M5: Примечание | N5: Паспорт (TP) | O5: RFI по сводной 17.08.2026 | P5: АоРПИ по сводной 17.08.2026 | Q5: Замечание из сводной 17.08.2026 | R5: Сверка со сводной 17.08.2026
A6: 03UG12001 | B6: Источник бесперебойного питания 24 В, 17 Ач | C6: ИВЭПР 24/2,5 RS-R3 исп. 2x17 | D6: шт | E6: 1 | G6: 0 | I6: - | J6: - | K6: - | L6: =IF(F6="",IF(J6="-","Нет зав. №, нет АоРПИ","Нет зав. №"),IF(G6<E6,"Зав. № не все ("&G6&" из "&E6&")",IF(J6="-","Зав. № есть, АоРПИ нет",IF(K6="Подписан","ОК: зав. № + АоРПИ подписан","Зав. № есть, АоРПИ не подписан")))) | M6: Количество уточнить по СО
A7: 03GB12001…12009 | B7: Бокс резервного электропитания 24 В 40 Ач | C7: БР24 2×40 (Рубеж) | D7: шт | E7: 9 | G7: 0 | I7: - | J7: - | K7: - | L7: =IF(F7="",IF(J7="-","Нет зав. №, нет АоРПИ","Нет зав. №"),IF(G7<E7,"Зав. № не все ("&G7&" из "&E7&")",IF(J7="-","Зав. № есть, АоРПИ нет",IF(K7="Подписан","ОК: зав. № + АоРПИ подписан","Зав. № есть, АоРПИ не подписан"))))
A8: — | B8: АКБ 40 Ач | D8: шт | E8: 18 | G8: 0 | I8: - | J8: - | K8: - | L8: =IF(F8="",IF(J8="-","Нет зав. №, нет АоРПИ","Нет зав. №"),IF(G8<E8,"Зав. № не все ("&G8&" из "&E8&")",IF(J8="-","Зав. № есть, АоРПИ нет",IF(K8="Подписан","ОК: зав. № + АоРПИ подписан","Зав. № есть, АоРПИ не подписан"))))
A9: 03SC12001…12013 | B9: Модуль релейный с контролем цепей | C9: РМ-1К-R3 | D9: шт | E9: 9 | G9: 0 | I9: - | J9: - | K9: - | L9: =IF(F9="",IF(J9="-","Нет зав. №, нет АоРПИ","Нет зав. №"),IF(G9<E9,"Зав. № не все ("&G9&" из "&E9&")",IF(J9="-","Зав. № есть, АоРПИ нет",IF(K9="Подписан","ОК: зав. № + АоРПИ подписан","Зав. № есть, АоРПИ не подписан"))))
A10: 03MD12001…12051 | B10: Модуль автоматики дымоудаления | C10: МДУ-1С-R3 исп. 24 | D10: шт | E10: 51 | G10: 0 | I10: - | J10: - | K10: - | L10: =IF(F10="",IF(J10="-","Нет зав. №, нет АоРПИ","Нет зав. №"),IF(G10<E10,"Зав. № не все ("&G10&" из "&E10&")",IF(J10="-","Зав. № есть, АоРПИ нет",IF(K10="Подписан","ОК: зав. № + АоРПИ подписан","Зав. № есть, АоРПИ не подписан"))))
A11: 03FLC12001, 12002 | B11: Шкаф управления вентилятором 7,5 кВт | C11: ШУВ-7,5-03 | D11: шт | E11: 2 | G11: 0 | I11: - | J11: - | K11: - | L11: =IF(F11="",IF(J11="-","Нет зав. №, нет АоРПИ","Нет зав. №"),IF(G11<E11,"Зав. № не все ("&G11&" из "&E11&")",IF(J11="-","Зав. № есть, АоРПИ нет",IF(K11="Подписан","ОК: зав. № + АоРПИ подписан","Зав. № есть, АоРПИ не подписан"))))
A12: — | B12: УДП «Пуск дымоудаления» | C12: УДП 513-11-R3 | D12: шт | E12: 2 | G12: 0 | I12: - | J12: - | K12: - | L12: =IF(F12="",IF(J12="-","Нет зав. №, нет АоРПИ","Нет зав. №"),IF(G12<E12,"Зав. № не все ("&G12&" из "&E12&")",IF(J12="-","Зав. № есть, АоРПИ нет",IF(K12="Подписан","ОК: зав. № + АоРПИ подписан","Зав. № есть, АоРПИ не подписан"))))
A13: 03AM12002…12006 | B13: Адресная метка | C13: АМ-1-R3 | D13: шт | E13: 5 | G13: 0 | I13: - | J13: - | K13: - | L13: =IF(F13="",IF(J13="-","Нет зав. №, нет АоРПИ","Нет зав. №"),IF(G13<E13,"Зав. № не все ("&G13&" из "&E13&")",IF(J13="-","Зав. № есть, АоРПИ нет",IF(K13="Подписан","ОК: зав. № + АоРПИ подписан","Зав. № есть, АоРПИ не подписан"))))
D14: Итого | E14: =SUM(E6:E13) | G14: =SUM(G6:G13)

Sheet 3123 СС
A1: Титул 3123, раздел СС — оборудование (раздел «Оборудование» спецификации), заводские номера и АоРПИ
A2: СО: 03-91-1203-44-СС.СО-001, ревизия 4B (.docx); в папке 5 — pdf
A3: Зав. № и АоРПИ собраны из папок Nextcloud: 2.Incoming control (1.Closed — подписан, 2.Open — не подписан), 1.RFI/CHENGDA, _Текст для поиска. «-» в столбце АоРПИ — акта в папке ВК нет.
A5: Поз. / тег | B5: Наименование (по СО) | C5: Тип, марка | D5: Ед. | E5: Кол-во по СО | F5: Заводской № (пусто — не найден) | G5: Найдено зав. №, шт | H5: Источник зав. № | I5: RFI | J5: АоРПИ (- если нет) | K5: Статус АоРПИ | L5: Итог | M5: Примечание | N5: Паспорт (TP) | O5: RFI по сводной 17.08.2026 | P5: АоРПИ по сводной 17.08.2026 | Q5: Замечание из сводной 17.08.2026 | R5: Сверка со сводной 17.08.2026
A6: 1.1 | B6: Шкаф с уличным коммутатором и ИБП | C6: PSW-2G8F+Box (TFortis) | D6: шт | E6: 1 | G6: 0 | I6: - | J6: - | K6: - | L6: =IF(F6="",IF(J6="-","Нет зав. №, нет АоРПИ","Нет зав. №"),IF(G6<E6,"Зав. № не все ("&G6&" из "&E6&")",IF(J6="-","Зав. № есть, АоРПИ нет",IF(K6="Подписан","ОК: зав. № + АоРПИ подписан","Зав. № есть, АоРПИ не подписан")))) | N6: PO-219-TP-0001 1B, стр. 648–651 (скан, зав. № в тексте нет)
A7: 2.1 | B7: Громкоговоритель настенный 10/5 Вт | C7: LPA-10W3 | D7: шт | E7: 2 | G7: 0 | I7: 1576-1 | J7: - | K7: - | L7: =IF(F7="",IF(J7="-","Нет зав. №, нет АоРПИ","Нет зав. №"),IF(G7<E7,"Зав. № не все ("&G7&" из "&E7&")",IF(J7="-","Зав. № есть, АоРПИ нет",IF(K7="Подписан","ОК: зав. № + АоРПИ подписан","Зав. № есть, АоРПИ не подписан")))) | N7: PO-219-TP-0001 1B, стр. 396–397 (скан, зав. № в тексте нет)
A8: 2.2 | B8: Оповещатель промышленный рупорный 30 Вт | C8: GL-30 | D8: шт | E8: 1 | G8: 0 | I8: 1576-1 | J8: - | K8: - | L8: =IF(F8="",IF(J8="-","Нет зав. №, нет АоРПИ","Нет зав. №"),IF(G8<E8,"Зав. № не все ("&G8&" из "&E8&")",IF(J8="-","Зав. № есть, АоРПИ нет",IF(K8="Подписан","ОК: зав. № + АоРПИ подписан","Зав. № есть, АоРПИ не подписан")))) | M8: По RFI 1576-1 поставлено GL-30 — 4 шт | N8: PO-219-TP-0001 1B, стр. 398–400 (скан, зав. № в тексте нет)
A9: 3.1 | B9: Базовая станция IP-DECT | D9: шт | E9: 4 | G9: 0 | I9: - | J9: - | K9: - | L9: =IF(F9="",IF(J9="-","Нет зав. №, нет АоРПИ","Нет зав. №"),IF(G9<E9,"Зав. № не все ("&G9&" из "&E9&")",IF(J9="-","Зав. № есть, АоРПИ нет",IF(K9="Подписан","ОК: зав. № + АоРПИ подписан","Зав. № есть, АоРПИ не подписан")))) | N9: PO-219-TP-0001 1B, Gigaset N720IP PRO стр. 268–271 (скан)
D10: Итого | E10: =SUM(E6:E9) | G10: =SUM(G6:G9)

Sheet 3123 ОС
A1: Титул 3123, раздел ОС — оборудование (раздел «Оборудование» спецификации), заводские номера и АоРПИ
A2: СО: 03-91-1203-44-ОС.СО-001, ревизия 5 (.docx)
A3: Зав. № и АоРПИ собраны из папок Nextcloud: 2.Incoming control (1.Closed — подписан, 2.Open — не подписан), 1.RFI/CHENGDA, _Текст для поиска. «-» в столбце АоРПИ — акта в папке ВК нет.
A5: Поз. / тег | B5: Наименование (по СО) | C5: Тип, марка | D5: Ед. | E5: Кол-во по СО | F5: Заводской № (пусто — не найден) | G5: Найдено зав. №, шт | H5: Источник зав. № | I5: RFI | J5: АоРПИ (- если нет) | K5: Статус АоРПИ | L5: Итог | M5: Примечание | N5: Паспорт (TP) | O5: RFI по сводной 17.08.2026 | P5: АоРПИ по сводной 17.08.2026 | Q5: Замечание из сводной 17.08.2026 | R5: Сверка со сводной 17.08.2026
A6: 1.1 3123-SK-001 | B6: Уличный управляемый коммутатор L2 с PoE и резервным питанием | C6: PSW-2G8F+UPS-Box (TFortis) | D6: шт | E6: 1 | G6: 0 | I6: - | J6: 783-3123-ПС-ВК-ЧНД | K6: Не подписан | L6: =IF(F6="",IF(J6="-","Нет зав. №, нет АоРПИ","Нет зав. №"),IF(G6<E6,"Зав. № не все ("&G6&" из "&E6&")",IF(J6="-","Зав. № есть, АоРПИ нет",IF(K6="Подписан","ОК: зав. № + АоРПИ подписан","Зав. № есть, АоРПИ не подписан")))) | M6: АоРПИ 783-3123-«ПС» (фактически ОС), без зав. №; в 2.Open не загружен | N6: PO-219-TP-0001 1B, стр. 648–651 (скан, зав. № в тексте нет)
A7: — | B7: IP-видеокамера уличная вариофокальная | C7: IPTRONIC | D7: шт | E7: 4 | G7: 0 | I7: - | J7: 783-3123-ПС-ВК-ЧНД | K7: Не подписан | L7: =IF(F7="",IF(J7="-","Нет зав. №, нет АоРПИ","Нет зав. №"),IF(G7<E7,"Зав. № не все ("&G7&" из "&E7&")",IF(J7="-","Зав. № есть, АоРПИ нет",IF(K7="Подписан","ОК: зав. № + АоРПИ подписан","Зав. № есть, АоРПИ не подписан")))) | M7: Кол-во по АоРПИ 783 | N7: PO-219-TP-0001 1B, IPTS-IPBM5002/5035 стр. 296–304 (скан)
A8: 4.3 3123-AM-001…006 | B8: Адресный расширитель | C8: С2000-АР1 исп.01 | D8: шт | E8: 6 | G8: 0 | I8: - | J8: - | K8: - | L8: =IF(F8="",IF(J8="-","Нет зав. №, нет АоРПИ","Нет зав. №"),IF(G8<E8,"Зав. № не все ("&G8&" из "&E8&")",IF(J8="-","Зав. № есть, АоРПИ нет",IF(K8="Подписан","ОК: зав. № + АоРПИ подписан","Зав. № есть, АоРПИ не подписан")))) | N8: PO-219-TP-0001 1B, стр. 90–95 (скан, зав. № в тексте нет)
A9: 4.5 | B9: АКБ 12 В 17 Ач | C9: DTM1217 | D9: шт | E9: 2 | G9: 0 | I9: - | J9: - | K9: - | L9: =IF(F9="",IF(J9="-","Нет зав. №, нет АоРПИ","Нет зав. №"),IF(G9<E9,"Зав. № не все ("&G9&" из "&E9&")",IF(J9="-","Зав. № есть, АоРПИ нет",IF(K9="Подписан","ОК: зав. № + АоРПИ подписан","Зав. № есть, АоРПИ не подписан")))) | N9: PO-219-TP-0001 1B, стр. 237–238 (скан, зав. № в тексте нет)
D10: Итого | E10: =SUM(E6:E9) | G10: =SUM(G6:G9)

Sheet 3123 СКУД
A1: Титул 3123, раздел СКУД — оборудование (раздел «Оборудование» спецификации), заводские номера и АоРПИ
A2: СО: 03-91-1203-44-СКУД.СО-001, ревизия 5 (.docx)
A3: Зав. № и АоРПИ собраны из папок Nextcloud: 2.Incoming control (1.Closed — подписан, 2.Open — не подписан), 1.RFI/CHENGDA, _Текст для поиска. «-» в столбце АоРПИ — акта в папке ВК нет.
A5: Поз. / тег | B5: Наименование (по СО) | C5: Тип, марка | D5: Ед. | E5: Кол-во по СО | F5: Заводской № (пусто — не найден) | G5: Найдено зав. №, шт | H5: Источник зав. № | I5: RFI | J5: АоРПИ (- если нет) | K5: Статус АоРПИ | L5: Итог | M5: Примечание | N5: Паспорт (TP) | O5: RFI по сводной 17.08.2026 | P5: АоРПИ по сводной 17.08.2026 | Q5: Замечание из сводной 17.08.2026 | R5: Сверка со сводной 17.08.2026
A6: 1.1 | B6: Контроллер сетевой (2 Wiegand) | C6: AAM-LAN-1W/2RS | D6: шт | E6: 1 | G6: 0 | I6: - | J6: - | K6: - | L6: =IF(F6="",IF(J6="-","Нет зав. №, нет АоРПИ","Нет зав. №"),IF(G6<E6,"Зав. № не все ("&G6&" из "&E6&")",IF(J6="-","Зав. № есть, АоРПИ нет",IF(K6="Подписан","ОК: зав. № + АоРПИ подписан","Зав. № есть, АоРПИ не подписан")))) | N6: PO-219-TP-0001 1B, стр. 8–9 (скан, зав. № в тексте нет)
A7: 1.3 | B7: Источник вторичного электропитания 12 В | C7: РИП-12-6/80М3-Р-RS | D7: шт | E7: 1 | G7: 0 | I7: - | J7: - | K7: - | L7: =IF(F7="",IF(J7="-","Нет зав. №, нет АоРПИ","Нет зав. №"),IF(G7<E7,"Зав. № не все ("&G7&" из "&E7&")",IF(J7="-","Зав. № есть, АоРПИ нет",IF(K7="Подписан","ОК: зав. № + АоРПИ подписан","Зав. № есть, АоРПИ не подписан")))) | N7: PO-219-TP-0001 1B, стр. 111–120 (скан, зав. № в тексте нет)
A8: 1.5 | B8: Считыватель MIFARE | C8: ST-PR042MF | D8: шт | E8: 2 | G8: 0 | I8: - | J8: - | K8: - | L8: =IF(F8="",IF(J8="-","Нет зав. №, нет АоРПИ","Нет зав. №"),IF(G8<E8,"Зав. № не все ("&G8&" из "&E8&")",IF(J8="-","Зав. № есть, АоРПИ нет",IF(K8="Подписан","ОК: зав. № + АоРПИ подписан","Зав. № есть, АоРПИ не подписан")))) | N8: PO-219-TP-0001 1B, стр. 586 (скан, зав. № в тексте нет)
A9: 1.6 | B9: Извещатель магнитоконтактный | C9: ST-DM130NC-SL | D9: шт | E9: 2 | G9: 0 | I9: - | J9: - | K9: - | L9: =IF(F9="",IF(J9="-","Нет зав. №, нет АоРПИ","Нет зав. №"),IF(G9<E9,"Зав. № не все ("&G9&" из "&E9&")",IF(J9="-","Зав. № есть, АоРПИ нет",IF(K9="Подписан","ОК: зав. № + АоРПИ подписан","Зав. № есть, АоРПИ не подписан")))) | N9: PO-219-TP-0001 1B, стр. 587 (скан, зав. № в тексте нет)
A10: 1.10 | B10: Устройство дистанционного пуска «Аварийный выход» | C10: ST-ER115 | D10: шт | E10: 2 | G10: 0 | I10: - | J10: - | K10: - | L10: =IF(F10="",IF(J10="-","Нет зав. №, нет АоРПИ","Нет зав. №"),IF(G10<E10,"Зав. № не все ("&G10&" из "&E10&")",IF(J10="-","Зав. № есть, АоРПИ нет",IF(K10="Подписан","ОК: зав. № + АоРПИ подписан","Зав. № есть, АоРПИ не подписан")))) | N10: PO-219-TP-0001 1B, стр. 596 (скан, зав. № в тексте нет)
A11: 1.11 | B11: Модуль релейный (АЛС) | D11: шт | E11: 2 | G11: 0 | I11: - | J11: - | K11: - | L11: =IF(F11="",IF(J11="-","Нет зав. №, нет АоРПИ","Нет зав. №"),IF(G11<E11,"Зав. № не все ("&G11&" из "&E11&")",IF(J11="-","Зав. № есть, АоРПИ нет",IF(K11="Подписан","ОК: зав. № + АоРПИ подписан","Зав. № есть, АоРПИ не подписан"))))
D12: Итого | E12: =SUM(E6:E11) | G12: =SUM(G6:G11)

Sheet 3123 ПС
A1: Титул 3123, раздел ПС — оборудование (раздел «Оборудование» спецификации), заводские номера и АоРПИ
A2: СО: 03-91-1203-44-ПС.СО-001, ревизия 4A (.docx)
A3: Зав. № и АоРПИ собраны из папок Nextcloud: 2.Incoming control (1.Closed — подписан, 2.Open — не подписан), 1.RFI/CHENGDA, _Текст для поиска. «-» в столбце АоРПИ — акта в папке ВК нет.
A5: Поз. / тег | B5: Наименование (по СО) | C5: Тип, марка | D5: Ед. | E5: Кол-во по СО | F5: Заводской № (пусто — не найден) | G5: Найдено зав. №, шт | H5: Источник зав. № | I5: RFI | J5: АоРПИ (- если нет) | K5: Статус АоРПИ | L5: Итог | M5: Примечание | N5: Паспорт (TP) | O5: RFI по сводной 17.08.2026 | P5: АоРПИ по сводной 17.08.2026 | Q5: Замечание из сводной 17.08.2026 | R5: Сверка со сводной 17.08.2026
A6: 1.1 | B6: Прибор приёмно-контрольный охранно-пожарный | C6: R3-Рубеж-2ОП | D6: шт | E6: 1 | G6: 0 | I6: - | J6: - | K6: - | L6: =IF(F6="",IF(J6="-","Нет зав. №, нет АоРПИ","Нет зав. №"),IF(G6<E6,"Зав. № не все ("&G6&" из "&E6&")",IF(J6="-","Зав. № есть, АоРПИ нет",IF(K6="Подписан","ОК: зав. № + АоРПИ подписан","Зав. № есть, АоРПИ не подписан"))))
A7: 1.2 | B7: Модуль изолятор АЛС | C7: ИЗ-1-R3 | D7: шт | E7: 2 | G7: 0 | I7: - | J7: - | K7: - | L7: =IF(F7="",IF(J7="-","Нет зав. №, нет АоРПИ","Нет зав. №"),IF(G7<E7,"Зав. № не все ("&G7&" из "&E7&")",IF(J7="-","Зав. № есть, АоРПИ нет",IF(K7="Подписан","ОК: зав. № + АоРПИ подписан","Зав. № есть, АоРПИ не подписан"))))
A8: 1.3 | B8: ИВЭПР 24 В 3,5 А | C8: ИВЭПР 24/3,5 2х12-Р БР | D8: шт | E8: 1 | G8: 0 | I8: - | J8: - | K8: - | L8: =IF(F8="",IF(J8="-","Нет зав. №, нет АоРПИ","Нет зав. №"),IF(G8<E8,"Зав. № не все ("&G8&" из "&E8&")",IF(J8="-","Зав. № есть, АоРПИ нет",IF(K8="Подписан","ОК: зав. № + АоРПИ подписан","Зав. № есть, АоРПИ не подписан"))))
A9: 1.4 | B9: АКБ 12 В 12 Ач | C9: DT 1212 | D9: шт | E9: 2 | G9: 0 | I9: - | J9: - | K9: - | L9: =IF(F9="",IF(J9="-","Нет зав. №, нет АоРПИ","Нет зав. №"),IF(G9<E9,"Зав. № не все ("&G9&" из "&E9&")",IF(J9="-","Зав. № есть, АоРПИ нет",IF(K9="Подписан","ОК: зав. № + АоРПИ подписан","Зав. № есть, АоРПИ не подписан"))))
A10: 1.5 | B10: Извещатель пожарный дымовой адресный | C10: ИП 212-164-R3 | D10: шт | E10: 4 | G10: 0 | I10: - | J10: - | K10: - | L10: =IF(F10="",IF(J10="-","Нет зав. №, нет АоРПИ","Нет зав. №"),IF(G10<E10,"Зав. № не все ("&G10&" из "&E10&")",IF(J10="-","Зав. № есть, АоРПИ нет",IF(K10="Подписан","ОК: зав. № + АоРПИ подписан","Зав. № есть, АоРПИ не подписан"))))
A11: 1.6 | B11: Извещатель пожарный ручной адресный | C11: ИПР 513-11-А-R3 | D11: шт | E11: 2 | G11: 0 | I11: - | J11: - | K11: - | L11: =IF(F11="",IF(J11="-","Нет зав. №, нет АоРПИ","Нет зав. №"),IF(G11<E11,"Зав. № не все ("&G11&" из "&E11&")",IF(J11="-","Зав. № есть, АоРПИ нет",IF(K11="Подписан","ОК: зав. № + АоРПИ подписан","Зав. № есть, АоРПИ не подписан"))))
A12: 1.7 | B12: Табло «Выход» | C12: ОПОП 1-R3 | D12: шт | E12: 2 | G12: 0 | I12: - | J12: - | K12: - | L12: =IF(F12="",IF(J12="-","Нет зав. №, нет АоРПИ","Нет зав. №"),IF(G12<E12,"Зав. № не все ("&G12&" из "&E12&")",IF(J12="-","Зав. № есть, АоРПИ нет",IF(K12="Подписан","ОК: зав. № + АоРПИ подписан","Зав. № есть, АоРПИ не подписан"))))
A13: 1.8 | B13: Оповещатель свето-звуковой | C13: ОПОП 124-R3 | D13: шт | E13: 2 | G13: 0 | I13: - | J13: - | K13: - | L13: =IF(F13="",IF(J13="-","Нет зав. №, нет АоРПИ","Нет зав. №"),IF(G13<E13,"Зав. № не все ("&G13&" из "&E13&")",IF(J13="-","Зав. № есть, АоРПИ нет",IF(K13="Подписан","ОК: зав. № + АоРПИ подписан","Зав. № есть, АоРПИ не подписан"))))
D14: Итого | E14: =SUM(E6:E13) | G14: =SUM(G6:G13)

Sheet 3123 АОВ
A1: Титул 3123, раздел АОВ — оборудование (раздел «Оборудование» спецификации), заводские номера и АоРПИ
A2: СО: 03-50-1203-44-АОВ.СО-001, ревизия 4A (.docx)
A3: Зав. № и АоРПИ собраны из папок Nextcloud: 2.Incoming control (1.Closed — подписан, 2.Open — не подписан), 1.RFI/CHENGDA, _Текст для поиска. «-» в столбце АоРПИ — акта в папке ВК нет.
A5: Поз. / тег | B5: Наименование (по СО) | C5: Тип, марка | D5: Ед. | E5: Кол-во по СО | F5: Заводской № (пусто — не найден) | G5: Найдено зав. №, шт | H5: Источник зав. № | I5: RFI | J5: АоРПИ (- если нет) | K5: Статус АоРПИ | L5: Итог | M5: Примечание | N5: Паспорт (TP) | O5: RFI по сводной 17.08.2026 | P5: АоРПИ по сводной 17.08.2026 | Q5: Замечание из сводной 17.08.2026 | R5: Сверка со сводной 17.08.2026
A6: 03TT12501…12505 | B6: Термопреобразователь Pt100 | D6: шт | E6: 5 | G6: 0 | I6: - | J6: - | K6: - | L6: =IF(F6="",IF(J6="-","Нет зав. №, нет АоРПИ","Нет зав. №"),IF(G6<E6,"Зав. № не все ("&G6&" из "&E6&")",IF(J6="-","Зав. № есть, АоРПИ нет",IF(K6="Подписан","ОК: зав. № + АоРПИ подписан","Зав. № есть, АоРПИ не подписан")))) | M6: HOLD в СО
A7: 03PDS12501, 12502 | B7: Реле перепада давления 40–400 Па | D7: шт | E7: 2 | G7: 0 | I7: - | J7: - | K7: - | L7: =IF(F7="",IF(J7="-","Нет зав. №, нет АоРПИ","Нет зав. №"),IF(G7<E7,"Зав. № не все ("&G7&" из "&E7&")",IF(J7="-","Зав. № есть, АоРПИ нет",IF(K7="Подписан","ОК: зав. № + АоРПИ подписан","Зав. № есть, АоРПИ не подписан")))) | M7: HOLD в СО
A8: 03PDS… | B8: Реле перепада давления 100–1000 Па | D8: шт | E8: 3 | G8: 0 | I8: - | J8: - | K8: - | L8: =IF(F8="",IF(J8="-","Нет зав. №, нет АоРПИ","Нет зав. №"),IF(G8<E8,"Зав. № не все ("&G8&" из "&E8&")",IF(J8="-","Зав. № есть, АоРПИ нет",IF(K8="Подписан","ОК: зав. № + АоРПИ подписан","Зав. № есть, АоРПИ не подписан")))) | M8: HOLD в СО
D9: Итого | E9: =SUM(E6:E8) | G9: =SUM(G6:G8)

Sheet 3123 АОВ1
A1: Титул 3123, раздел АОВ1 — оборудование (раздел «Оборудование» спецификации), заводские номера и АоРПИ
A2: СО: 03-50-1203-44-АОВ1.СО-001, ревизия 4B (.doc)
A3: Зав. № и АоРПИ собраны из папок Nextcloud: 2.Incoming control (1.Closed — подписан, 2.Open — не подписан), 1.RFI/CHENGDA, _Текст для поиска. «-» в столбце АоРПИ — акта в папке ВК нет.
A5: Поз. / тег | B5: Наименование (по СО) | C5: Тип, марка | D5: Ед. | E5: Кол-во по СО | F5: Заводской № (пусто — не найден) | G5: Найдено зав. №, шт | H5: Источник зав. № | I5: RFI | J5: АоРПИ (- если нет) | K5: Статус АоРПИ | L5: Итог | M5: Примечание | N5: Паспорт (TP) | O5: RFI по сводной 17.08.2026 | P5: АоРПИ по сводной 17.08.2026 | Q5: Замечание из сводной 17.08.2026 | R5: Сверка со сводной 17.08.2026
A6: 1.2 | B6: Источник бесперебойного питания 24 В | C6: ИВЭПР 24/2,5 RS-R3 | D6: шт | E6: 1 | G6: 0 | I6: - | J6: - | K6: - | L6: =IF(F6="",IF(J6="-","Нет зав. №, нет АоРПИ","Нет зав. №"),IF(G6<E6,"Зав. № не все ("&G6&" из "&E6&")",IF(J6="-","Зав. № есть, АоРПИ нет",IF(K6="Подписан","ОК: зав. № + АоРПИ подписан","Зав. № есть, АоРПИ не подписан")))) | M6: Количество уточнить по СО
A7: 03SC12501…12503 | B7: Модуль релейный | C7: РМ-1С-R3 | D7: шт | E7: 3 | G7: 0 | I7: - | J7: - | K7: - | L7: =IF(F7="",IF(J7="-","Нет зав. №, нет АоРПИ","Нет зав. №"),IF(G7<E7,"Зав. № не все ("&G7&" из "&E7&")",IF(J7="-","Зав. № есть, АоРПИ нет",IF(K7="Подписан","ОК: зав. № + АоРПИ подписан","Зав. № есть, АоРПИ не подписан"))))
A8: 03MD12501, 12502 | B8: Модуль автоматики дымоудаления | C8: МДУ-1С-R3 | D8: шт | E8: 2 | G8: 0 | I8: - | J8: - | K8: - | L8: =IF(F8="",IF(J8="-","Нет зав. №, нет АоРПИ","Нет зав. №"),IF(G8<E8,"Зав. № не все ("&G8&" из "&E8&")",IF(J8="-","Зав. № есть, АоРПИ нет",IF(K8="Подписан","ОК: зав. № + АоРПИ подписан","Зав. № есть, АоРПИ не подписан"))))
A9: — | B9: Модуль релейный с контролем цепей / РМ-4 | C9: РМ-K-R3 / РМ-4-R3 | D9: шт | E9: 2 | G9: 0 | I9: - | J9: - | K9: - | L9: =IF(F9="",IF(J9="-","Нет зав. №, нет АоРПИ","Нет зав. №"),IF(G9<E9,"Зав. № не все ("&G9&" из "&E9&")",IF(J9="-","Зав. № есть, АоРПИ нет",IF(K9="Подписан","ОК: зав. № + АоРПИ подписан","Зав. № есть, АоРПИ не подписан"))))
D10: Итого | E10: =SUM(E6:E9) | G10: =SUM(G6:G9)

Sheet 3128 ОС
A1: Титул 3128, раздел ОС — оборудование (раздел «Оборудование» спецификации), заводские номера и АоРПИ
A2: СО: 03-91-1200-44-ОС.СО-001, ревизия 5 (.docx)
A3: Зав. № и АоРПИ собраны из папок Nextcloud: 2.Incoming control (1.Closed — подписан, 2.Open — не подписан), 1.RFI/CHENGDA, _Текст для поиска. «-» в столбце АоРПИ — акта в папке ВК нет.
A5: Поз. / тег | B5: Наименование (по СО) | C5: Тип, марка | D5: Ед. | E5: Кол-во по СО | F5: Заводской № (пусто — не найден) | G5: Найдено зав. №, шт | H5: Источник зав. № | I5: RFI | J5: АоРПИ (- если нет) | K5: Статус АоРПИ | L5: Итог | M5: Примечание | N5: Паспорт (TP) | O5: RFI по сводной 17.08.2026 | P5: АоРПИ по сводной 17.08.2026 | Q5: Замечание из сводной 17.08.2026 | R5: Сверка со сводной 17.08.2026
A6: 1.1 | B6: Шкаф навесной IP66 500х400х200 | D6: шт | E6: 1 | G6: 0 | I6: - | J6: - | K6: - | L6: =IF(F6="",IF(J6="-","Нет зав. №, нет АоРПИ","Нет зав. №"),IF(G6<E6,"Зав. № не все ("&G6&" из "&E6&")",IF(J6="-","Зав. № есть, АоРПИ нет",IF(K6="Подписан","ОК: зав. № + АоРПИ подписан","Зав. № есть, АоРПИ не подписан"))))
A7: 1.3 | B7: Контроллер линейный системы охраны периметра | C7: Пунктир-ЛК-А (ТвинПро) | D7: шт | E7: 2 | G7: 0 | I7: - | J7: - | K7: - | L7: =IF(F7="",IF(J7="-","Нет зав. №, нет АоРПИ","Нет зав. №"),IF(G7<E7,"Зав. № не все ("&G7&" из "&E7&")",IF(J7="-","Зав. № есть, АоРПИ нет",IF(K7="Подписан","ОК: зав. № + АоРПИ подписан","Зав. № есть, АоРПИ не подписан")))) | N7: PO-219-TP-0001 1B, стр. 660–665 (скан, зав. № в тексте нет)
A8: 1.5 | B8: Изолятор КЗ извещателя | C8: Пунктир КЗ-А | D8: шт | E8: 11 | G8: 0 | I8: - | J8: - | K8: - | L8: =IF(F8="",IF(J8="-","Нет зав. №, нет АоРПИ","Нет зав. №"),IF(G8<E8,"Зав. № не все ("&G8&" из "&E8&")",IF(J8="-","Зав. № есть, АоРПИ нет",IF(K8="Подписан","ОК: зав. № + АоРПИ подписан","Зав. № есть, АоРПИ не подписан")))) | N8: PO-219-TP-0001 1B, стр. 668–669 (скан, зав. № в тексте нет)
A9: 1.6 | B9: Адресный модуль входов/выходов | C9: Пунктир-МВ-А | D9: шт | E9: 2 | G9: 0 | I9: - | J9: - | K9: - | L9: =IF(F9="",IF(J9="-","Нет зав. №, нет АоРПИ","Нет зав. №"),IF(G9<E9,"Зав. № не все ("&G9&" из "&E9&")",IF(J9="-","Зав. № есть, АоРПИ нет",IF(K9="Подписан","ОК: зав. № + АоРПИ подписан","Зав. № есть, АоРПИ не подписан")))) | N9: PO-219-TP-0001 1B, стр. 670–673 (скан, зав. № в тексте нет)
A10: 1.7 | B10: Блок индикации | C10: Пунктир-БИ-А | D10: шт | E10: 1 | G10: 0 | I10: 1828 | J10: - | K10: - | L10: =IF(F10="",IF(J10="-","Нет зав. №, нет АоРПИ","Нет зав. №"),IF(G10<E10,"Зав. № не все ("&G10&" из "&E10&")",IF(J10="-","Зав. № есть, АоРПИ нет",IF(K10="Подписан","ОК: зав. № + АоРПИ подписан","Зав. № есть, АоРПИ не подписан")))) | M10: Есть в отклонённом RFI 1828 | N10: PO-219-TP-0001 1B, стр. 674–677 (скан, зав. № в тексте нет)
A11: 1.8 | B11: Релейный модуль | C11: ПУНКТИР РМ-У | D11: шт | E11: 1 | G11: 0 | I11: - | J11: - | K11: - | L11: =IF(F11="",IF(J11="-","Нет зав. №, нет АоРПИ","Нет зав. №"),IF(G11<E11,"Зав. № не все ("&G11&" из "&E11&")",IF(J11="-","Зав. № есть, АоРПИ нет",IF(K11="Подписан","ОК: зав. № + АоРПИ подписан","Зав. № есть, АоРПИ не подписан")))) | N11: PO-219-TP-0001 1B, стр. 678–680 (скан, зав. № в тексте нет)
A12: 1.10 | B12: Извещатель оптико-электронный активный 4-лучевой 60 м | C12: SL-200QN (Optex) | D12: компл. | E12: 1 | G12: 0 | I12: 1828 | J12: - | K12: - | L12: =IF(F12="",IF(J12="-","Нет зав. №, нет АоРПИ","Нет зав. №"),IF(G12<E12,"Зав. № не все ("&G12&" из "&E12&")",IF(J12="-","Зав. № есть, АоРПИ нет",IF(K12="Подписан","ОК: зав. № + АоРПИ подписан","Зав. № есть, АоРПИ не подписан")))) | M12: Есть в отклонённом RFI 1828 | N12: PO-219-TP-0001 1B, стр. 543–552 (скан, зав. № в тексте нет)
A13: 1.14 | B13: АКБ 12 В 40 Ач | C13: DT 1240 | D13: шт | E13: 4 | G13: 0 | I13: - | J13: - | K13: - | L13: =IF(F13="",IF(J13="-","Нет зав. №, нет АоРПИ","Нет зав. №"),IF(G13<E13,"Зав. № не все ("&G13&" из "&E13&")",IF(J13="-","Зав. № есть, АоРПИ нет",IF(K13="Подписан","ОК: зав. № + АоРПИ подписан","Зав. № есть, АоРПИ не подписан"))))
A14: 1.15 | B14: Устройство защиты цепей вторичного питания | C14: ГСД3-24 (Hakel) | D14: шт | E14: 1 | G14: 0 | I14: 1828 | J14: - | K14: - | L14: =IF(F14="",IF(J14="-","Нет зав. №, нет АоРПИ","Нет зав. №"),IF(G14<E14,"Зав. № не все ("&G14&" из "&E14&")",IF(J14="-","Зав. № есть, АоРПИ нет",IF(K14="Подписан","ОК: зав. № + АоРПИ подписан","Зав. № есть, АоРПИ не подписан")))) | M14: Есть в отклонённом RFI 1828 | N14: PO-219-TP-0001 1B, стр. 282–283 (скан, зав. № в тексте нет)
D15: Итого | E15: =SUM(E6:E14) | G15: =SUM(G6:G14)

Sheet 3128 СОО
A1: Титул 3128, раздел СОО — оборудование (раздел «Оборудование» спецификации), заводские номера и АоРПИ
A2: СО: 03-91-1200-44-СОО.СО-001, ревизия 5 (.docx)
A3: Зав. № и АоРПИ собраны из папок Nextcloud: 2.Incoming control (1.Closed — подписан, 2.Open — не подписан), 1.RFI/CHENGDA, _Текст для поиска. «-» в столбце АоРПИ — акта в папке ВК нет.
A5: Поз. / тег | B5: Наименование (по СО) | C5: Тип, марка | D5: Ед. | E5: Кол-во по СО | F5: Заводской № (пусто — не найден) | G5: Найдено зав. №, шт | H5: Источник зав. № | I5: RFI | J5: АоРПИ (- если нет) | K5: Статус АоРПИ | L5: Итог | M5: Примечание | N5: Паспорт (TP) | O5: RFI по сводной 17.08.2026 | P5: АоРПИ по сводной 17.08.2026 | Q5: Замечание из сводной 17.08.2026 | R5: Сверка со сводной 17.08.2026
A6: 1.1 | B6: Шкаф распределительный охранного освещения IP31 | D6: шт | E6: 1 | G6: 0 | I6: - | J6: - | K6: - | L6: =IF(F6="",IF(J6="-","Нет зав. №, нет АоРПИ","Нет зав. №"),IF(G6<E6,"Зав. № не все ("&G6&" из "&E6&")",IF(J6="-","Зав. № есть, АоРПИ нет",IF(K6="Подписан","ОК: зав. № + АоРПИ подписан","Зав. № есть, АоРПИ не подписан"))))
A7: 1.2 | B7: Контроллер линии светильников (до 126 шт) | D7: шт | E7: 1 | G7: 0 | I7: - | J7: - | K7: - | L7: =IF(F7="",IF(J7="-","Нет зав. №, нет АоРПИ","Нет зав. №"),IF(G7<E7,"Зав. № не все ("&G7&" из "&E7&")",IF(J7="-","Зав. № есть, АоРПИ нет",IF(K7="Подписан","ОК: зав. № + АоРПИ подписан","Зав. № есть, АоРПИ не подписан"))))
A8: 1.3 | B8: Релейный модуль | D8: шт | E8: 1 | G8: 0 | I8: - | J8: - | K8: - | L8: =IF(F8="",IF(J8="-","Нет зав. №, нет АоРПИ","Нет зав. №"),IF(G8<E8,"Зав. № не все ("&G8&" из "&E8&")",IF(J8="-","Зав. № есть, АоРПИ нет",IF(K8="Подписан","ОК: зав. № + АоРПИ подписан","Зав. № есть, АоРПИ не подписан"))))
A9: 1.4 | B9: Источник бесперебойного питания 12 В 6 А | D9: шт | E9: 1 | G9: 0 | I9: - | J9: - | K9: - | L9: =IF(F9="",IF(J9="-","Нет зав. №, нет АоРПИ","Нет зав. №"),IF(G9<E9,"Зав. № не все ("&G9&" из "&E9&")",IF(J9="-","Зав. № есть, АоРПИ нет",IF(K9="Подписан","ОК: зав. № + АоРПИ подписан","Зав. № есть, АоРПИ не подписан"))))
D10: Итого | E10: =SUM(E6:E9) | G10: =SUM(G6:G9)

Sheet 3128 СОТ
A1: Титул 3128, раздел СОТ — оборудование (раздел «Оборудование» спецификации), заводские номера и АоРПИ
A2: СО: 03-91-1200-44-СОТ.СО-001, ревизия 5 (.xlsx)
A3: Зав. № и АоРПИ собраны из папок Nextcloud: 2.Incoming control (1.Closed — подписан, 2.Open — не подписан), 1.RFI/CHENGDA, _Текст для поиска. «-» в столбце АоРПИ — акта в папке ВК нет.
A5: Поз. / тег | B5: Наименование (по СО) | C5: Тип, марка | D5: Ед. | E5: Кол-во по СО | F5: Заводской № (пусто — не найден) | G5: Найдено зав. №, шт | H5: Источник зав. № | I5: RFI | J5: АоРПИ (- если нет) | K5: Статус АоРПИ | L5: Итог | M5: Примечание | N5: Паспорт (TP) | O5: RFI по сводной 17.08.2026 | P5: АоРПИ по сводной 17.08.2026 | Q5: Замечание из сводной 17.08.2026 | R5: Сверка со сводной 17.08.2026
A6: 1.1 | B6: Шкаф уличный с коммутатором PoE, кроссом и ИБП | C6: PSW-2G+UPS-Box (TFortis) | D6: шт | E6: 6 | G6: 0 | I6: - | J6: - | K6: - | L6: =IF(F6="",IF(J6="-","Нет зав. №, нет АоРПИ","Нет зав. №"),IF(G6<E6,"Зав. № не все ("&G6&" из "&E6&")",IF(J6="-","Зав. № есть, АоРПИ нет",IF(K6="Подписан","ОК: зав. № + АоРПИ подписан","Зав. № есть, АоРПИ не подписан")))) | N6: PO-219-TP-0001 1B, стр. 636–647 (скан, зав. № в тексте нет)
A7: 1.4 | B7: IP-видеокамера уличная вариофокальная | C7: IPTRONIC | D7: шт | E7: 10 | G7: 0 | I7: - | J7: - | K7: - | L7: =IF(F7="",IF(J7="-","Нет зав. №, нет АоРПИ","Нет зав. №"),IF(G7<E7,"Зав. № не все ("&G7&" из "&E7&")",IF(J7="-","Зав. № есть, АоРПИ нет",IF(K7="Подписан","ОК: зав. № + АоРПИ подписан","Зав. № есть, АоРПИ не подписан")))) | N7: PO-219-TP-0001 1B, IPTS-IPBM5002/5035 стр. 296–304 (скан)
A8: 1.5 | B8: Поворотная купольная IP-видеокамера | C8: IPTS-IPZM5025 (IPTRONIC) | D8: шт | E8: 2 | G8: 0 | I8: - | J8: - | K8: - | L8: =IF(F8="",IF(J8="-","Нет зав. №, нет АоРПИ","Нет зав. №"),IF(G8<E8,"Зав. № не все ("&G8&" из "&E8&")",IF(J8="-","Зав. № есть, АоРПИ нет",IF(K8="Подписан","ОК: зав. № + АоРПИ подписан","Зав. № есть, АоРПИ не подписан")))) | N8: PO-219-TP-0001 1B, стр. 309–314 (скан, зав. № в тексте нет)
D9: Итого | E9: =SUM(E6:E8) | G9: =SUM(G6:G8)

Sheet АоРПИ
A1: АоРПИ по титулам главной подстанции (3120, 3121, 3123, 3126, 3128) — оборудование, электрика, слаботочка, ОВ/ВК
A2: Статусы по папкам на 28.09.2026: Sharepoint/…/2.Incoming control/1.Closed — подписан; 2.Open — не подписан; акты в формате разработки из SMB-46/PTO/Alfa-prom/Входной контроль (База Данных), которых нет в 2.Open, — тоже «Не подписан», в столбце «Где лежит» отмечены красным (не загружены в 2.Open). Акты КЖ/КМ/ЭГ/АР (материалы) не включены.
A4: АоРПИ № | B4: Титул | C4: Раздел | D4: Статус | E4: Дата | F4: Что проверялось | G4: Папка | H4: Где лежит
A5: 781-3120-АИИСКУЭ-ВК-ЧНД | B5: 3120 | C5: АИИСКУЭ | D5: Не подписан | E5: 21.04.2026 | F5: Шкаф АИИС КУЭ «Бреслер-0117.948.01» (зав. № в акте нет) | G5: открыть | H5: 2.Open
A6: 763-3120-АСУЭ-ВК-ЧНД | B6: 3120 | C6: АСУЭ | D6: Подписан | E6: 21.04.2026 | F6: Шкафы АСУЭ ИНБРЭС (ШСО, ШКП, ШПДС, ШИП, ШСК), СМиД, TDM, Бреслер-0117.948.01 — с зав. № | G6: открыть | H6: 1.Closed
A7: 808-3120-АСУЭ-ВК-ЧНД | B7: 3120 | C7: АСУЭ | D7: Не подписан | E7: 04.04.2026 | F7: Кабель КИС-Внг(А)-LS 2х2х0,60 | G7: открыть | H7: 2.Open
A8: 817-3120-АСУЭ-ВК-ЧНД | B8: 3120 | C8: АСУЭ | D8: Подписан | E8: 28.04.2026 | F8: ВОК-компоненты TELCORD, мачта МА50, кронштейн МА41 | G8: открыть | H8: 1.Closed
A9: 1090-3120-АСУЭ-ВК-ЧНД | B9: 3120 | C9: АСУЭ | D9: Не подписан | E9: 26.06.2026 | F9: Кабель FTP cat 5e 4x2x0,51 | G9: открыть | H9: 2.Open
A10: 526-3120-КЭ-ЧНД | B10: 3120 | C10: КЭ | D10: Не подписан | E10: 12.01.2026 | F10: Кран электрический однобалочный подвесной FHU10t со шкафом управления, поз. 03L1201 | G10: открыть | H10: База данных Альфа-пром — в 2.Open НЕ загружен
A11: 477-3120-ТР-ЧНД | B11: 3120 | C11: ТР | D11: Подписан | E11: 11.12.2025 | F11: Трансформатор ТРДН-63000/220-УХЛ1, зав. № 005214V, поз. 0312TRE01 | G11: открыть | H11: 1.Closed
A12: 478-3120-ТР-ЧНД | B12: 3120 | C12: ТР | D12: Подписан | E12: 11.12.2025 | F12: Трансформатор ТРДН-63000/220-УХЛ1, зав. № 005215V, поз. 0312TRE02 | G12: открыть | H12: 1.Closed
A13: 649-3120-ЭО-ВК-ЧНД | B13: 3120 | C13: ЭО | D13: Не подписан | E13: 26.01.2026 | F13: Провод ПуГВнг(А)-LS 1х6 | G13: открыть | H13: 2.Open
A14: 653-3120-ЭО-ВК-ЧНД | B14: 3120 | C14: ЭО | D14: Подписан | E14: 20.01.2026 | F14: Наконечник ТМ 6-5-4-М-УХЛ3 | G14: открыть | H14: 1.Closed
A15: 682-3120-ЭО-ВК-ЧНД | B15: 3120 | C15: ЭО | D15: Не подписан | E15: 16.02.2026 | F15: Электроустановочные изделия (коробки, выключатели, розетки, гофротруба) | G15: открыть | H15: 2.Open
... A58: 756-3121-ОВ-ВК-ЧНД | B58: 3121 | C58: ОВ | D58: Не подписан | E58: 06.03.2026 | F58: Изделия и материалы ОВ | G58: открыть | H58: 2.Open
A59: 757-3121-ОВ-ВК-ЧНД | B59: 3121 | C59: ОВ | D59: Не подписан | F59: Изделия ОВ, здание КРУЭ 220 кВ с ОПУ (тит. 3121) — содержание не разбиралось | G59: открыть | H59: 2.Open
A60: 1381-3121-ОВ-ВК-ЧНД | B60: 3121 | C60: ОВ | D60: Не подписан | E60: 16.03.2026 | F60: Изделия и материалы ОВ | G60: открыть | H60: 2.Open
A61: 782-3121-ПС-ВК-ЧНД | B61: 3121 | C61: ПС | D61: Не подписан | E61: 14.03.2026 | F61: Оборудование ПС Рубеж (ППКП, БИУ, извещатели, оповещатели), кабели — без зав. № | G61: открыть | H61: База данных Альфа-пром — в 2.Open НЕ загружен
A62: 1102-3121-СКУД-ВК-ЧНД | B62: 3121 | C62: СКУД | D62: Не подписан | E62: 20.03.2026 | F62: Кабель КПСВВнг(А)-LS 1х2х2,5 — 163 м | G62: открыть | H62: 2.Open
A63: 1205-3123-АОВ-ВК-ЧНД | B63: 3123 | C63: АОВ | D63: Не подписан | E63: 05.05.2026 | F63: Кабель — 160 м | G63: открыть | H63: 2.Open
A64: 680-3123-ОВ-ВК-ЧНД | B64: 3123 | C64: ОВ | D64: Не подписан | E64: 27.12.2025 | F64: Изделия и материалы ОВ здания ЗРУ-10 кВ | G64: открыть | H64: 2.Open
A65: 791-3123-ОВ-ВК-ЧНД | B65: 3123 | C65: ОВ | D65: Не подписан | E65: 27.12.2025 | F65: Крепёж и изделия ОВ (Hilti) | G65: открыть | H65: 2.Open
A66: 783-3123-ПС-ВК-ЧНД | B66: 3123 | C66: ПС | D66: Не подписан | E66: 11.03.2026 | F66: Коммутатор уличный, IP-видеокамеры 4 шт, кроссы (фактически ОС) — без зав. № | G66: открыть | H66: База данных Альфа-пром — в 2.Open НЕ загружен
A67: 1558-3126-ОУ-ВК-ЧНД | B67: 3126 | C67: ОУ | D67: Не подписан | E67: 17.03.2026 | F67: Очистная установка LYSF-2, зав. № K25002, поз. 03PA1203 | G67: открыть | H67: База данных Альфа-пром — в 2.Open НЕ загружен
A68: 1559-3126-ОУ-ВК-ЧНД | B68: 3126 | C68: ОУ | D68: Не подписан | E68: 24.09.2026 | F68: Очистная установка (поз. 03PA1203) — второй акт в папке 1558, содержание не разбиралось | G68: открыть | H68: База данных Альфа-пром — в 2.Open НЕ загружен
A69: 1556-3126-РСВ-ВК-ЧНД | B69: 3126 | C69: РСВ | D69: Не подписан | E69: 07.02.2026 | F69: Резервуар маслосборника SDCYG-60-00, зав. № M25008, поз. 03PA1202 | G69: открыть | H69: База данных Альфа-пром — в 2.Open НЕ загружен

Sheet RFI
A1: Анализ RFI (CHENGDA-MU-IC) по оборудованию и материалам подстанции
A2: Статус «Отклонён» — в папке RFI есть скан «… Rejected.pdf». Ссылка ведёт на папку RFI в Nextcloud.
A4: RFI | B4: Статус | C4: Дата инспекции | D4: Содержание RFI (зав. №, если есть) | E4: К чему относится / АоРПИ / вывод | F4: Папка
A5: 1292-1 | B5: Принят | C5: 10.01.2026 | D5: Кран 03L1201 FHU10-15-9 A3 + ЗИП (паспорт E19006-PO-064-TP-0001-41) | E5: ЭС3 поз. 1.6–1.7; зав. № крана в RFI не указан | F5: открыть
A6: 1293-2 | B6: Принят | C6: 11.12.2025 | D6: Трансформаторы ТРДН-63000/220 0312TRE01/02 + комплектующие | E6: ЭС1; зав. № 005214V/005215V — в АоРПИ 477/478 | F6: открыть
A7: 1332 | B7: Принят | C7: 31.10.2025 | D7: Токопроводы GM-12/2000 — 24 к-т, GM-12/800 — 2 к-т (PO-073) | E7: Возможно ЭС1 (токопроводы 10 кВ) — привязку к титулу сверить; 1332-1 отклонён | F7: открыть
A8: 1379 | B8: Принят | C8: 01.12.2025 | D8: ТЛСЗ-400/10 УХЛ2, зав. № 5842, 5843 | E8: ЭС3 ТСН1/ТСН2 → АоРПИ 805 подписан | F8: открыть
A9: 1380 | B9: Принят | C9: 01.12.2025 | D9: ДГР РДМР-500/10 № 975/976; ТМГ21-630/10 № 2152742/2152756; РГ-35 № 5/6; шкаф УАРК-105М № 25.07.25.187.1; ОПНп-10 № 1201–1212 | E9: ЭС2 поз. 1.4–1.6; АоРПИ только на ДГР (651, подписан 01.12.2025) | F9: открыть
A10: 1403 | B10: Принят | C10: 11.12.2025 | D10: ЩПТ №1 зав. 25002, ЩПТ №2 зав. 25003, ПНЗП-М зав. 24220/24221, стеллажи, АКБ | E10: ЭС3 поз. 1.3–1.5 → АоРПИ 816 (не подписан) | F10: открыть
A11: 1440 | B11: Отклонён | C11: 26.01.2026 | D11: КРУЭ 220 кВ ZF28-252, зав. № SGF24012NSD01…NSD04 + 409 поз. (Прил. 2, в т.ч. ШМУ, система мониторинга) | E11: ЭС1 поз. КРУЭ/ШМУ. Повторного RFI нет, АоРПИ в папке ВК нет. 22.09.2026 Чэнда прислали по RFI 1440 (TRM E19006-TM-CH&NH-VP-18712): CRS_E19006-PO-062-TP-0007_1A (код 2, 1 замечание — IOM, исправлено) и TP-0007 1B — это паспорта только на 12 ОПН-220 (зав. № 253392–253403, ОТК 14.11.2025). По КРУЭ ZF28-252 паспорта с зав. № по-прежнему нет | F11: открыть
A12: 1440(1) | B12: Принят | C12: 10.08.2026 | D12: ОПНп-220/680/163-10-IV УХЛ1 — 12 шт, зав. № 253392–253403 | E12: ЭС1 ОПН → АоРПИ 1248 (не подписан, без зав. №). Зав. № подтверждены паспортами TP-0007 1B | F12: открыть
A13: 1448 | B13: Принят | C13: 13.01.2026 | D13: КРУ-10 кВ PO-184: 22 устройства КРУ-ЭЗ + шинные мосты, с зав. № | E13: ЭС2 → АоРПИ 720 подписан | F13: открыть
A14: 1465 | B14: Принят | C14: 20.01.2026 | D14: Муфты 1ПКВТ-10, наконечники ТМ, оптика ДПТ-П, провод МГ16 | E14: ЭС2/ЭО материалы → АоРПИ 652, 653 | F14: открыть
A15: 1466 | B15: Принят | C15: 20.01.2026 | D15: Провод АС 300/66 — 618 м, зав. № 25ТТ-44 | E15: ЭС1 материал → АоРПИ 702 подписан | F15: открыть
... A33: 1828 | B33: Отклонён | C33: 11.06.2026 | D33: Телеком PO-219 для 3120/3121/3123/1503: СГЭП, АКБ VEKTOR, шкафы 42U (3), Пунктир-БИ-А, SL-200QN, ГСД3-24, монитор, KVM, LBC-8, UMZ16, МС04-DSL, кроссы и др. | E33: СС/ОС/СОО/СОТ/ПС/СКУД. Зав. № в RFI нет; паспорт E19006-PO-219-TP-0001 — скан без распознанного текста. Повторного RFI не найдено | F33: открыть
A35: Паспорт по ссылке PO-029 (PO-029_TP-0001~0002_1C) — дымосос FGB-01K2001 и вентилятор CAB-01K2002 (технологическая часть), к подстанции не относится. К RFI 1828 относится паспорт E19006-PO-219-TP-0001 (1A/1B) — скан без распознанного текста, зав. № в нём извлечь не удалось. | F35: PO-219

Sheet Паспорта (TP)
A1: Паспорта (TP), полученные по RFI 1440 и 1576/1828 — анализ
A3: Документ | B3: Ревизия / статус | C3: Что внутри | D3: Заводские номера | E3: Вывод для свода
A4: E19006-TM-CH&NH-VP-18712 (трансмиттал Чэнда) | B4: 22.09.2026, Issued for Approval | C4: Передача на рассмотрение: CRS_E19006-PO-062-TP-0007_1A и E19006-PO-062-TP-0007 1B «TP of Open type lightning arrester» (PO-062, RFI 1440) | D4: — | E4: Документы по RFI 1440 касаются только ОПН-220, не КРУЭ
A5: CRS_E19006-PO-062-TP-0007_1A | B5: Код 2 (незначительные замечания), TRM E19006-TM-NFP-CH-VP-32645 от 10.06.2026 | C5: 1 замечание (Бондарева О.А.): «IOM shall be provided as per section 4» — ответ Чэнда «Changed» 20.09.2026 | D5: — | E5: Замечание закрыто в ревизии 1B; нужно рассмотрение 1B заказчиком
A6: E19006-PO-062-TP-0007 1B | B6: 1B от 22.09.2026, Issued for Approval (60 стр.) | C6: 12 паспортов ОПНп-220/680/163-10-IV УХЛ1 (АО «Полимер-Аппарат»): технические данные, свидетельства о приёмке, руководство по монтажу (модули №1 и №2) | D6: 253392, 253393, 253394, 253395, 253396, 253397, 253398, 253399, 253400, 253401, 253402, 253403 — ОТК 14.11.2025 | E6: Совпадает с RFI 1440(1) и СО ЭС1 (12 шт). Номера перенесены во вкладку 3120 ЭС1; в АоРПИ 1248 (не подписан) их нужно дописать. По КРУЭ ZF28-252 (SGF24012NSD01–04) паспортов с зав. № в этих документах нет
A7: CRS_E19006-PO-219-TP-0001_1A | B7: Код 3 (существенные замечания), TRM E19006-TM-NFP-CH-VP-30213 от 30.03.2026 | C7: 2 замечания: предоставить матрицу сертификации и ТР ТС/ЕАЭС; указать в содержании наименование, изготовителя, модель — оба «Исправлено» (Белкина Е.) | D7: — | E7: Выпущена ревизия 1B
A8: E19006-PO-219-TP-0001 1B (Technical Passport, АО «КРОК инкорпорейтед») | B8: 1B от 26.06.2026, Issued for Approval; 788 стр., в папке с 17.09.2026 | C8: Содержание на 208+ позиций PO-219 (слаботочка 3120/3121/3123/3128): СКУД ААМ/Smartec, Болид, ЦМО, Maipu, ATEN, Линсис (LBC-8, UMZ16, LPA-6W, LPA-10W3, GL-30, LDP-E12), камеры IPTRONIC, TFortis PSW, Пунктир, СГЭП, МС04-DSL, Optex, Gigaset DECT, Yealink SIP-T30P, кабели | D8: В текстовом слое: сервер IPDROM PRO ki10122025_2sw — SL828335-001; системный блок IPDROM WS ki10122025_3sw — SL828335-002 (ОТК 29.04.2026); барабаны кабеля ВВГнг-LS 3х2,5 № 170126.245, 3х4 № Я.200126 (1465). ≈460 из 788 стр. — сканы без текста | E8: Паспорта в основном типовые (сертификаты, паспорта изделия без заполненного зав. №). Для позиций СО проставлена ссылка на страницы TP (столбец «Паспорт (TP)» во вкладках). IPDROM в СО подстанции не найден. Зав. № в сканах (СГЭП стр. 508–531, МС04-DSL стр. 532–542 и др.) требуют просмотра вручную
